id,source,neighbourhood_cleansed,neighbourhood_group_cleansed,property_type,room_type,accommodates,bathrooms,bathrooms_text,bedrooms,beds,amenities,wifi,Kitchen,parking,price,minimum_nights,number_of_reviews,review_scores_rating,review_scores_location,license,instant_bookable,booked,review_count
42438973,city scrape,Harlem,Manhattan,Entire rental unit,Entire home/apt,2,1.0,1 bath,0.0,1.0,"[""Smoke alarm"", ""Heating"", ""Bed linens"", ""Microwave"", ""Dishes and silverware"", ""Stove"", ""Free street parking"", ""Shampoo"", ""Hair dryer"", ""Fire extinguisher"", ""Paid parking off premises"", ""Iron"", ""Extra pillows and blankets"", ""Essentials"", ""Indoor fireplace"", ""Shower gel"", ""Kitchen"", ""Wifi"", ""Coffee maker"", ""Luggage dropoff allowed"", ""Refrigerator"", ""Cooking basics"", ""Hot water"", ""Cleaning available during stay"", ""Carbon monoxide alarm"", ""TV"", ""Air conditioning"", ""Private entrance"", ""Exterior security cameras on property"", ""Hangers"", ""First aid kit"", ""Long term stays allowed""]",wifi,Kitchen,parking,150.0,3,62,4.87,4.82,Exempt,f,365,10.0
968044038797418645,city scrape,Williamsburg,Brooklyn,Entire condo,Entire home/apt,2,1.0,1 bath,0.0,1.0,"[""Smoke alarm"", ""Coffee maker: drip coffee maker"", ""Free dryer \u2013 In unit"", ""Bed linens"", ""Oven"", ""Cleaning products"", ""Dedicated workspace"", ""Microwave"", ""Conditioner"", ""Dishes and silverware"", ""Stove"", ""Shampoo"", ""Free street parking"", ""Body soap"", ""Hair dryer"", ""Fire extinguisher"", ""Freezer"", ""Blender"", ""Coffee"", ""Bathtub"", ""Elevator"", ""Room-darkening shades"", ""Kitchen"", ""Wifi"", ""Refrigerator"", ""Exercise equipment"", ""Cooking basics"", ""Hot water"", ""Wine glasses"", ""Carbon monoxide alarm"", ""TV"", ""Baking sheet"", ""Outdoor dining area"", ""Shared gym in building"", ""Air conditioning"", ""Outdoor furniture"", ""Washer"", ""First aid kit"", ""Hangers"", ""Central heating"", ""BBQ grill"", ""Dishwasher""]",wifi,Kitchen,parking,171.0,10,1,5.0,5.0,OSE-STRREG-0001794,f,364,1.0
1143432511272988868,city scrape,Upper East Side,Manhattan,Entire rental unit,Entire home/apt,2,1.0,1 bath,0.0,1.0,"[""Smoke alarm"", ""Heating"", ""Bed linens"", ""Oven"", ""Cleaning products"", ""Dedicated workspace"", ""Microwave"", ""Conditioner"", ""Dishes and silverware"", ""Stove"", ""Shampoo"", ""Free street parking"", ""Clothing storage"", ""Body soap"", ""Hair dryer"", ""Paid dryer \u2013 In building"", ""Blender"", ""Coffee"", ""Paid parking off premises"", ""Toaster"", ""Bathtub"", ""Iron"", ""Essentials"", ""Room-darkening shades"", ""Laundromat nearby"", ""Kitchen"", ""Wifi"", ""Coffee maker"", ""Refrigerator"", ""Cooking basics"", ""Hot water"", ""Wine glasses"", ""Carbon monoxide alarm"", ""TV"", ""Baking sheet"", ""Air conditioning"", ""Paid washer \u2013 In building"", ""Exterior security cameras on property"", ""Hangers"", ""Hot water kettle"", ""Long term stays allowed""]",wifi,Kitchen,parking,215.0,3,1,5.0,5.0,Exempt,f,359,1.0
1154240334547460517,city scrape,Harlem,Manhattan,Entire rental unit,Entire home/apt,3,1.0,1 bath,1.0,0.0,"[""Babysitter recommendations"", ""HDTV"", ""Bed linens"", ""Free street parking"", ""Lockbox"", ""Electric stove"", ""Self check-in"", ""Paid dryer \u2013 In building"", ""Bathtub"", ""Iron"", ""Elevator"", ""Radiant heating"", ""Kitchen"", ""Wifi"", ""Refrigerator"", ""Stainless steel oven"", ""Cooking basics"", ""Hot water"", ""Pets allowed"", ""Dining table"", ""Window AC unit"", ""Hot water kettle"", ""Long term stays allowed""]",wifi,Kitchen,parking,175.0,1,4,4.25,4.0,OSE-STRREG-0000476,t,356,4.0
793539365815167335,city scrape,Bedford-Stuyvesant,Brooklyn,Entire rental unit,Entire home/apt,2,1.0,1 bath,1.0,1.0,"[""Smoke alarm"", ""Heating"", ""Bed linens"", ""Microwave"", ""Dishes and silverware"", ""Stove"", ""Free street parking"", ""Hair dryer"", ""Self check-in"", ""Fire extinguisher"", ""Freezer"", ""Keypad"", ""Iron"", ""Laundromat nearby"", ""Ceiling fan"", ""Kitchen"", ""Wifi"", ""Refrigerator"", ""Cooking basics"", ""Hot water"", ""Carbon monoxide alarm"", ""TV"", ""Air conditioning"", ""Exterior security cameras on property"", ""Hangers"", ""First aid kit"", ""Dining table""]",wifi,Kitchen,parking,165.0,2,57,4.47,4.65,OSE-STRREG-0001076,f,353,57.0
52593554,city scrape,Bedford-Stuyvesant,Brooklyn,Entire home,Entire home/apt,2,1.0,1 bath,2.0,2.0,"[""Smoke alarm"", ""Bed linens"", ""Oven"", ""Garden view"", ""Cleaning products"", ""Microwave"", ""Conditioner"", ""Dishes and silverware"", ""Free street parking"", ""Shampoo"", ""Clothing storage"", ""Body soap"", ""Hair dryer"", ""Fire extinguisher"", ""Freezer"", ""Coffee maker: drip coffee maker, french press, pour-over coffee"", ""Coffee"", ""Toaster"", ""Bathtub"", ""Children\u2019s books and toys for ages 5-10 years old"", ""Host greets you"", ""Iron"", ""Extra pillows and blankets"", ""Essentials"", ""Radiant heating"", ""Laundromat nearby"", ""Shower gel"", ""Ceiling fan"", ""Kitchen"", ""Bertazzoni refrigerator"", ""Wifi"", ""Board games"", ""Luggage dropoff allowed"", ""Cooking basics"", ""Hot water"", ""Wine glasses"", ""Carbon monoxide alarm"", ""AC - split type ductless system"", ""Baking sheet"", ""Portable fans"", ""Pets allowed"", ""Private entrance"", ""32 inch TV with Roku"", ""Hangers"", ""First aid kit"", ""Dining table"", ""Books and reading material"", ""Hot water kettle"", ""Gas stove""]",wifi,Kitchen,parking,190.0,2,189,4.97,4.71,OSE-STRREG-0001532,f,351,118.0
25963570,city scrape,Bedford-Stuyvesant,Brooklyn,Entire rental unit,Entire home/apt,2,1.0,1 bath,0.0,1.0,"[""Smoke alarm"", ""Heating"", ""Bed linens"", ""Oven"", ""Cleaning products"", ""Dedicated workspace"", ""Microwave"", ""Dishes and silverware"", ""Stove"", ""Free street parking"", ""Shampoo"", ""Hair dryer"", ""Self check-in"", ""Fire extinguisher"", ""Keypad"", ""Iron"", ""Essentials"", ""Kitchen"", ""Wifi"", ""Coffee maker"", ""Refrigerator"", ""Cooking basics"", ""Hot water"", ""Carbon monoxide alarm"", ""TV"", ""Air conditioning"", ""First aid kit"", ""Hangers"", ""BBQ grill"", ""Dishwasher""]",wifi,Kitchen,parking,145.0,1,369,4.75,4.72,Exempt,f,348,96.0
18565752,city scrape,Bedford-Stuyvesant,Brooklyn,Entire rental unit,Entire home/apt,3,1.0,1 bath,0.0,1.0,"[""Smoke alarm"", ""Heating"", ""Bed linens"", ""Oven"", ""Dedicated workspace"", ""Microwave"", ""Dishes and silverware"", ""Stove"", ""Free street parking"", ""Shampoo"", ""Hair dryer"", ""Self check-in"", ""Fire extinguisher"", ""Window guards"", ""Keypad"", ""Iron"", ""Extra pillows and blankets"", ""Essentials"", ""Kitchen"", ""Wifi"", ""Coffee maker"", ""Refrigerator"", ""Cooking basics"", ""Hot water"", ""Carbon monoxide alarm"", ""TV with standard cable"", ""Air conditioning"", ""Private entrance"", ""First aid kit"", ""Hangers"", ""BBQ grill"", ""Dishwasher""]",wifi,Kitchen,parking,142.0,1,497,4.71,4.68,Exempt,f,344,111.0
32549155,city scrape,Bedford-Stuyvesant,Brooklyn,Entire townhouse,Entire home/apt,4,1.0,1 bath,2.0,5.0,"[""Smoke alarm"", ""Heating"", ""Bed linens"", ""Oven"", ""Cleaning products"", ""Dedicated workspace"", ""Microwave"", ""Dishes and silverware"", ""Stove"", ""Free street parking"", ""Lockbox"", ""Suave  shampoo"", ""Pack \u2019n play/Travel crib - available upon request"", ""Hair dryer"", ""Self check-in"", ""Fire extinguisher"", ""Freezer"", ""Suave  conditioner"", ""Window guards"", ""Dial body soap"", ""Toaster"", ""Bathtub"", ""Iron"", ""Extra pillows and blankets"", ""Essentials"", ""Room-darkening shades"", ""Laundromat nearby"", ""Shower gel"", ""Ceiling fan"", ""Kitchen"", ""Wifi"", ""Luggage dropoff allowed"", ""Clothing storage: closet and dresser"", ""Refrigerator"", ""Cooking basics"", ""Hot water"", ""Wine glasses"", ""Carbon monoxide alarm"", ""Coffee maker: Keurig coffee machine"", ""TV"", ""Air conditioning"", ""Exterior security cameras on property"", ""Hangers"", ""First aid kit"", ""Dining table"", ""Hot water kettle"", ""Long term stays allowed""]",wifi,Kitchen,parking,125.0,2,196,4.76,4.6,OSE-STRREG-0001118,f,344,76.0
22231811,city scrape,Harlem,Manhattan,Entire rental unit,Entire home/apt,2,1.0,1 bath,1.0,1.0,"[""Smoke alarm"", ""Dryer"", ""Bed linens"", ""Oven"", ""Cleaning products"", ""Paid parking garage off premises"", ""Dedicated workspace"", ""Microwave"", ""Conditioner"", ""Dishes and silverware"", ""Stove"", ""Shampoo"", ""Free street parking"", ""Lockbox"", ""Body soap"", ""Hair dryer"", ""Self check-in"", ""Freezer"", ""Blender"", ""Coffee"", ""JBL Extreme Bluetooth sound system"", ""Toaster"", ""Bathtub"", ""Iron"", ""Extra pillows and blankets"", ""Essentials"", ""Clothing storage: closet"", ""Laundromat nearby"", ""Shower gel"", ""Ceiling fan"", ""Kitchen"", ""Wifi"", ""Coffee maker"", ""Board games"", ""Luggage dropoff allowed"", ""Refrigerator"", ""Cooking basics"", ""Hot water"", ""Wine glasses"", ""Carbon monoxide alarm"", ""Free parking on premises"", ""TV"", ""Baking sheet"", ""Record player"", ""Paid washer \u2013 In building"", ""First aid kit"", ""Hangers"", ""Central heating"", ""Dining table"", ""Books and reading material"", ""Window AC unit"", ""Exercise equipment: free weights, yoga mat"", ""Dishwasher""]",wifi,Kitchen,parking,245.0,3,53,4.79,4.64,OSE-STRREG-0000733,f,343,20.0
613528,city scrape,Harlem,Manhattan,Entire rental unit,Entire home/apt,2,1.0,1 bath,1.0,2.0,"[""Smoke alarm"", ""Shampoo & Conditioner Combo conditioner"", ""Free dryer \u2013 In unit"", ""Coffee maker: drip coffee maker"", ""Bed linens"", ""Oven"", ""Paid parking garage off premises"", ""Cleaning products"", ""Dedicated workspace"", ""Microwave"", ""Dishes and silverware"", ""Stove"", ""Free street parking"", ""Shampoo"", ""Hair dryer"", ""Self check-in"", ""Fire extinguisher"", ""Freezer"", ""Coffee"", ""Toaster"", ""Bathtub"", ""Smart lock"", ""Iron"", ""Extra pillows and blankets"", ""Essentials"", ""Radiant heating"", ""Laundromat nearby"", ""HDTV with standard cable, premium cable"", ""Kitchen"", ""Free washer \u2013 In unit"", ""Wifi"", ""Luggage dropoff allowed"", ""Clothing storage: closet and dresser"", ""Refrigerator"", ""Cooking basics"", ""Hot water"", ""Wine glasses"", ""Carbon monoxide alarm"", ""Free parking on premises"", ""Dove body soap"", ""Drying rack for clothing"", ""Baking sheet"", ""Portable fans"", ""Private entrance"", ""Exterior security cameras on property"", ""Hangers"", ""First aid kit"", ""Dining table"", ""Window AC unit"", ""Hot water kettle"", ""Dishwasher""]",wifi,Kitchen,parking,114.0,2,261,4.85,4.82,Exempt,f,342,121.0
41151871,city scrape,Bedford-Stuyvesant,Brooklyn,Entire home,Entire home/apt,2,1.0,1 bath,1.0,1.0,"[""Smoke alarm"", ""Heating"", ""Bed linens"", ""Cleaning products"", ""Dedicated workspace"", ""Conditioner"", ""Dishes and silverware"", ""Free street parking"", ""Shampoo"", ""Lockbox"", ""Body soap"", ""Pack \u2019n play/Travel crib"", ""Hair dryer"", ""Self check-in"", ""Crib"", ""Fire extinguisher"", ""Bathtub"", ""Children\u2019s dinnerware"", ""Iron"", ""Extra pillows and blankets"", ""Essentials"", ""Indoor fireplace"", ""Kitchen"", ""Wifi"", ""Coffee maker"", ""Clothing storage: closet and dresser"", ""Refrigerator"", ""Backyard"", ""Cooking basics"", ""Hot water"", ""Carbon monoxide alarm"", ""Free parking on premises"", ""Baby bath"", ""Portable air conditioning"", ""Private entrance"", ""Hangers"", ""Books and reading material"", ""Children\u2019s books and toys""]",wifi,Kitchen,parking,192.0,5,95,4.85,4.75,OSE-STRREG-0000827,f,340,53.0
18582792,city scrape,Bedford-Stuyvesant,Brooklyn,Entire rental unit,Entire home/apt,2,1.0,1 bath,0.0,2.0,"[""Smoke alarm"", ""Heating"", ""Bed linens"", ""Oven"", ""Dedicated workspace"", ""Microwave"", ""Dishes and silverware"", ""Stove"", ""Free street parking"", ""Shampoo"", ""Hair dryer"", ""Self check-in"", ""Fire extinguisher"", ""Keypad"", ""Iron"", ""Extra pillows and blankets"", ""Essentials"", ""Kitchen"", ""Wifi"", ""Ethernet connection"", ""Coffee maker"", ""Refrigerator"", ""Cooking basics"", ""Hot water"", ""Carbon monoxide alarm"", ""TV with standard cable"", ""Air conditioning"", ""Private entrance"", ""First aid kit"", ""Hangers"", ""Dishwasher""]",wifi,Kitchen,parking,145.0,1,431,4.77,4.66,Exempt,f,336,98.0
859664945143080328,city scrape,Bushwick,Brooklyn,Entire home,Entire home/apt,2,1.0,1 bath,1.0,1.0,"[""Smoke alarm"", ""Heating"", ""Bed linens"", ""Microwave"", ""Conditioner"", ""Dishes and silverware"", ""Free street parking"", ""Shampoo"", ""Hair dryer"", ""Self check-in"", ""Fire extinguisher"", ""Freezer"", ""Keypad"", ""Toaster"", ""Iron"", ""Essentials"", ""Shower gel"", ""Ceiling fan"", ""Kitchen"", ""Wifi"", ""Coffee maker"", ""Luggage dropoff allowed"", ""Refrigerator"", ""Cooking basics"", ""Hot water"", ""Carbon monoxide alarm"", ""TV"", ""Air conditioning"", ""Mini fridge"", ""Private entrance"", ""Dining table"", ""Books and reading material""]",wifi,Kitchen,parking,141.0,2,68,4.81,4.68,OSE-STRREG-0001762,f,330,68.0
24453838,city scrape,Williamsburg,Brooklyn,Entire condo,Entire home/apt,2,1.0,1 bath,1.0,1.0,"[""Smoke alarm"", ""Heating"", ""Dryer"", ""Oven"", ""Microwave"", ""Dishes and silverware"", ""Stove"", ""Free street parking"", ""Shampoo"", ""Lockbox"", ""Hair dryer"", ""Self check-in"", ""Iron"", ""Essentials"", ""Elevator"", ""Kitchen"", ""Wifi"", ""Coffee maker"", ""Refrigerator"", ""City skyline view"", ""Cooking basics"", ""Hot water"", ""Carbon monoxide alarm"", ""TV"", ""Air conditioning"", ""Private entrance"", ""Washer"", ""Hangers"", ""Private patio or balcony"", ""Dishwasher""]",wifi,Kitchen,parking,211.0,5,112,4.85,4.86,OSE-STRREG-0000370,t,329,44.0
800130194293808699,city scrape,Bushwick,Brooklyn,Entire condo,Entire home/apt,2,1.5,1.5 baths,1.0,1.0,"[""Smoke alarm"", ""Central air conditioning"", ""Cleaning products"", ""Dedicated workspace"", ""Microwave"", ""Conditioner"", ""Dishes and silverware"", ""Free street parking"", ""Shampoo"", ""Lockbox"", ""Body soap"", ""Hair dryer"", ""Self check-in"", ""Freezer"", ""Bathtub"", ""Iron"", ""Essentials"", ""Room-darkening shades"", ""Clothing storage: closet"", ""Laundromat nearby"", ""Shower gel"", ""Kitchen"", ""Wifi"", ""Coffee maker"", ""Refrigerator"", ""Stainless steel oven"", ""Cooking basics"", ""Hot water"", ""Wine glasses"", ""Carbon monoxide alarm"", ""TV"", ""Hangers"", ""Central heating"", ""Gas stove"", ""Dishwasher"", ""Long term stays allowed""]",wifi,Kitchen,parking,239.0,2,73,4.93,4.76,OSE-STRREG-0000314,t,323,73.0
48367018,city scrape,Bedford-Stuyvesant,Brooklyn,Entire condo,Entire home/apt,2,1.0,1 bath,1.0,1.0,"[""Smoke alarm"", ""Free dryer \u2013 In unit"", ""Heating"", ""Central air conditioning"", ""HDTV"", ""Bed linens"", ""Oven"", ""Cleaning products"", ""Microwave"", ""Dishes and silverware"", ""Free street parking"", ""Lockbox"", ""Hair dryer"", ""Self check-in"", ""Freezer"", ""Coffee"", ""Iron"", ""Clothing storage: closet"", ""Laundromat nearby"", ""Kitchen"", ""Bosch stainless steel electric stove"", ""Free washer \u2013 In unit"", ""Wifi"", ""Coffee maker"", ""Refrigerator"", ""Cooking basics"", ""Hot water"", ""Wine glasses"", ""Carbon monoxide alarm"", ""Sound system"", ""Private entrance"", ""Hangers"", ""Private patio or balcony"", ""Hot water kettle"", ""Dishwasher""]",wifi,Kitchen,parking,225.0,3,143,4.94,4.63,OSE-STRREG-0001218,f,321,92.0
52749216,city scrape,Bedford-Stuyvesant,Brooklyn,Entire rental unit,Entire home/apt,2,1.0,1 bath,1.0,1.0,"[""Smoke alarm"", ""Coffee maker: drip coffee maker"", ""Bed linens"", ""46 inch HDTV with Netflix"", ""Oven"", ""Cleaning products"", ""Dedicated workspace"", ""Microwave"", ""Conditioner"", ""Dishes and silverware"", ""Free street parking"", ""Shampoo"", ""Lockbox"", ""Body soap"", ""Hair dryer"", ""Self check-in"", ""Fire extinguisher"", ""Freezer"", ""Coffee"", ""Bathtub"", ""Iron"", ""Essentials"", ""Stainless steel gas stove"", ""Room-darkening shades"", ""Clothing storage: closet"", ""Laundromat nearby"", ""Shower gel"", ""Kitchen"", ""Wifi"", ""Luggage dropoff allowed"", ""Refrigerator"", ""Cooking basics"", ""Hot water"", ""Wine glasses"", ""Carbon monoxide alarm"", ""Outdoor dining area"", ""Exterior security cameras on property"", ""Hangers"", ""Central heating"", ""First aid kit"", ""Dining table"", ""Window AC unit"", ""Private patio or balcony"", ""Hot water kettle"", ""Long term stays allowed""]",wifi,Kitchen,parking,250.0,4,92,4.95,4.5,OSE-STRREG-0000076,f,319,74.0
931902143251951219,city scrape,Bedford-Stuyvesant,Brooklyn,Entire rental unit,Entire home/apt,2,1.0,1 bath,1.0,1.0,"[""Smoke alarm"", ""Heating"", ""Dryer"", ""Bed linens"", ""Oven"", ""Dedicated workspace"", ""Microwave"", ""Dishes and silverware"", ""Stove"", ""Free street parking"", ""Lockbox"", ""Body soap"", ""Pack \u2019n play/Travel crib - available upon request"", ""Hair dryer"", ""Self check-in"", ""Fire extinguisher"", ""Freezer"", ""Window guards"", ""Toaster"", ""Room-darkening shades"", ""Kitchen"", ""Wifi"", ""Coffee maker"", ""Refrigerator"", ""Cooking basics"", ""Hot water"", ""Wine glasses"", ""Carbon monoxide alarm"", ""Free parking on premises"", ""Outdoor dining area"", ""Baking sheet"", ""Air conditioning"", ""Outdoor furniture"", ""Private entrance"", ""Washer"", ""Dining table"", ""Books and reading material"", ""Private backyard \u2013 Fully fenced"", ""Private patio or balcony"", ""Hot water kettle""]",wifi,Kitchen,parking,151.0,2,7,5.0,5.0,OSE-STRREG-0002136,f,319,7.0
1656621,city scrape,Bedford-Stuyvesant,Brooklyn,Entire townhouse,Entire home/apt,2,1.0,1 bath,2.0,2.0,"[""Smoke alarm"", ""Kitchenette"", ""Heating"", ""Bed linens"", ""Oven"", ""Garden view"", ""Cleaning products"", ""Dedicated workspace"", ""Dishes and silverware"", ""Free street parking"", ""Body soap"", ""Pack \u2019n play/Travel crib"", ""Hair dryer"", ""Crib"", ""Fire extinguisher"", ""Freezer"", ""Window guards"", ""Toaster"", ""Bathtub"", ""Host greets you"", ""Iron"", ""Extra pillows and blankets"", ""Essentials"", ""Room-darkening shades"", ""Laundromat nearby"", ""Shower gel"", ""42 inch TV with Netflix, Amazon Prime Video, Hulu, Roku"", ""Ceiling fan"", ""Wifi"", ""Coffee maker"", ""Board games"", ""Clothing storage: closet and dresser"", ""Refrigerator"", ""Cooking basics"", ""Hot water"", ""Wine glasses"", ""Carbon monoxide alarm"", ""Free parking on premises"", ""Drying rack for clothing"", ""Baking sheet"", ""Portable fans"", ""Washer \u2013\u00a0In building"", ""Private entrance"", ""First aid kit"", ""Hangers"", ""Dining table"", ""Books and reading material"", ""Children\u2019s books and toys"", ""Window AC unit"", ""Hot water kettle"", ""Gas stove""]",wifi,Kitchen,parking,166.0,2,382,4.7,4.51,OSE-STRREG-0000419,t,318,113.0
1006538240180611744,city scrape,Harlem,Manhattan,Entire rental unit,Entire home/apt,2,1.0,1 bath,1.0,1.0,"[""Kitchen"", ""Wifi"", ""Paid washer \u2013 In building"", ""Dedicated workspace"", ""Refrigerator"", ""Paid parking on premises"", ""Window AC unit"", ""Host greets you"", ""Cleaning available during stay"", ""TV""]",wifi,Kitchen,parking,158.0,5,6,3.33,3.2,Exempt,t,317,6.0
770626111287655384,city scrape,Bedford-Stuyvesant,Brooklyn,Entire guest suite,Entire home/apt,2,1.0,1 bath,1.0,1.0,"[""Smoke alarm"", ""Heating"", ""Bed linens"", ""Cleaning products"", ""Dedicated workspace"", ""Microwave"", ""Conditioner"", ""Dishes and silverware"", ""Free street parking"", ""Shampoo"", ""Body soap"", ""Hair dryer"", ""Window guards"", ""Bathtub"", ""Host greets you"", ""Iron"", ""Extra pillows and blankets"", ""Essentials"", ""Coffee maker: french press"", ""Shower gel"", ""Kitchen"", ""Wifi"", ""Luggage dropoff allowed"", ""Clothing storage: closet and dresser"", ""Refrigerator"", ""TV with Roku"", ""Hot water"", ""Cooking basics"", ""Carbon monoxide alarm"", ""Air conditioning"", ""Pets allowed"", ""First aid kit"", ""Hangers"", ""Hot water kettle"", ""Long term stays allowed""]",wifi,Kitchen,parking,200.0,5,32,4.97,4.74,OSE-STRREG-0000371,f,316,32.0
1008987937555990345,city scrape,Upper East Side,Manhattan,Entire rental unit,Entire home/apt,2,1.0,1 bath,0.0,1.0,"[""Smoke alarm"", ""Bed linens"", ""Cleaning products"", ""Microwave"", ""Dishes and silverware"", ""Free street parking"", ""Shampoo"", ""Hair dryer"", ""Fire extinguisher"", ""Freezer"", ""Bathtub"", ""Host greets you"", ""Iron"", ""Essentials"", ""Coffee maker: french press"", ""Room-darkening shades"", ""Clothing storage: closet"", ""Shower gel"", ""Kitchen"", ""Wifi"", ""Board games"", ""Refrigerator"", ""Cooking basics"", ""Hot water"", ""Wine glasses"", ""Carbon monoxide alarm"", ""Stainless steel single oven"", ""Dining table"", ""Hangers"", ""Central heating"", ""Books and reading material"", ""Window AC unit"", ""Hot water kettle"", ""Dishwasher"", ""Long term stays allowed""]",wifi,Kitchen,parking,242.0,2,22,4.82,4.91,Exempt,f,311,22.0
31333074,city scrape,Harlem,Manhattan,Entire rental unit,Entire home/apt,4,1.0,1 bath,0.0,0.0,"[""Smoke alarm"", ""Heating"", ""Oven"", ""Microwave"", ""Dishes and silverware"", ""Stove"", ""Free street parking"", ""Hair dryer"", ""Fire extinguisher"", ""Iron"", ""Kitchen"", ""Wifi"", ""Coffee maker"", ""Refrigerator"", ""Cooking basics"", ""Hot water"", ""Carbon monoxide alarm"", ""TV"", ""Air conditioning"", ""Private entrance"", ""Exterior security cameras on property"", ""Hangers""]",wifi,Kitchen,parking,118.0,5,158,4.92,4.65,Exempt,t,310,70.0
1154353919890864126,city scrape,Harlem,Manhattan,Entire rental unit,Entire home/apt,4,1.0,1 bath,2.0,1.0,"[""Babysitter recommendations"", ""Heating"", ""Bed linens"", ""Dryer"", ""Oven"", ""Stove"", ""Free street parking"", ""Lockbox"", ""Self check-in"", ""Bathtub"", ""Iron"", ""Elevator"", ""Kitchen"", ""Wifi"", ""Refrigerator"", ""Cooking basics"", ""Hot water"", ""TV"", ""Air conditioning"", ""Pets allowed"", ""Washer"", ""Dining table"", ""Hot water kettle"", ""Long term stays allowed""]",wifi,Kitchen,parking,218.0,1,3,5.0,4.33,OSE-STRREG-0000476,t,308,3.0
631736560411380264,city scrape,Bedford-Stuyvesant,Brooklyn,Entire guest suite,Entire home/apt,2,1.0,1 bath,2.0,3.0,"[""Smoke alarm"", ""Bed linens"", ""Cleaning products"", ""Dedicated workspace"", ""Microwave"", ""Conditioner"", ""Dishes and silverware"", ""Free street parking"", ""Hair dryer"", ""Self check-in"", ""Fire extinguisher"", ""Freezer"", ""Frigidaire refrigerator"", ""Blender"", ""Coffee"", ""Keypad"", ""Toaster"", ""Bathtub"", ""Safe"", ""Iron"", ""Extra pillows and blankets"", ""Essentials"", ""Room-darkening shades"", ""Radiant heating"", ""Laundromat nearby"", ""Shower gel"", ""Kitchen"", ""Wifi"", ""Frigidaire stainless steel oven"", ""Frigidaire gas stove"", ""Luggage dropoff allowed"", ""Clothing storage: closet and dresser"", ""City skyline view"", ""Cooking basics"", ""Hot water"", ""Wine glasses"", ""Carbon monoxide alarm"", ""Coffee maker: Keurig coffee machine"", ""Free parking on premises"", ""TV"", ""Baking sheet"", ""Ginger Lily Farms shampoo"", ""Air conditioning"", ""Private entrance"", ""Exterior security cameras on property"", ""Hangers"", ""First aid kit"", ""Ginger Lily Farms body soap"", ""Hot water kettle""]",wifi,Kitchen,parking,268.0,3,56,4.95,4.48,OSE-STRREG-0000496,f,296,56.0
39074638,city scrape,Bedford-Stuyvesant,Brooklyn,Entire rental unit,Entire home/apt,4,1.0,1 bath,2.0,3.0,"[""Smoke alarm"", ""Heating"", ""Bed linens"", ""Oven"", ""Cleaning products"", ""Microwave"", ""Dishes and silverware"", ""Stove"", ""Free street parking"", ""Shampoo"", ""Lockbox"", ""Hair dryer"", ""Public goods conditioner"", ""Self check-in"", ""Fire extinguisher"", ""Coffee"", ""Toaster"", ""Bathtub"", ""Iron"", ""Extra pillows and blankets"", ""Essentials"", ""Clothing storage: closet"", ""Laundromat nearby"", ""Kitchen"", ""HDTV with Fire TV"", ""Wifi"", ""Coffee maker"", ""Luggage dropoff allowed"", ""Refrigerator"", ""Cooking basics"", ""Hot water"", ""Wine glasses"", ""Carbon monoxide alarm"", ""Private entrance"", ""Public goods  body soap"", ""Hangers"", ""First aid kit"", ""Window AC unit"", ""Hot water kettle""]",wifi,Kitchen,parking,220.0,4,134,4.93,4.65,Exempt,f,296,83.0
33061311,city scrape,Bedford-Stuyvesant,Brooklyn,Entire rental unit,Entire home/apt,4,1.0,1 bath,1.0,2.0,"[""Smoke alarm"", ""Heating"", ""Bed linens"", ""Oven"", ""Cleaning products"", ""Dedicated workspace"", ""Microwave"", ""Dishes and silverware"", ""Stove"", ""Free street parking"", ""Shampoo"", ""Lockbox"", ""Hair dryer"", ""Self check-in"", ""Fire extinguisher"", ""Coffee"", ""Outlet covers"", ""Toaster"", ""Bathtub"", ""Iron"", ""Extra pillows and blankets"", ""Essentials"", ""Clothing storage: closet"", ""Laundromat nearby"", ""Kitchen"", ""Wifi"", ""Coffee maker"", ""Public goods body soap"", ""Luggage dropoff allowed"", ""Refrigerator"", ""Cooking basics"", ""HDTV with Amazon Prime Video"", ""Hot water"", ""Carbon monoxide alarm"", ""Wine glasses"", ""Baking sheet"", ""Air conditioning"", ""Private entrance"", ""First aid kit"", ""Hangers"", ""Children\u2019s books and toys"", ""Hot water kettle""]",wifi,Kitchen,parking,231.0,4,236,4.95,4.73,Exempt,f,294,86.0
765229505754817003,city scrape,Bedford-Stuyvesant,Brooklyn,Entire rental unit,Entire home/apt,2,1.0,1 bath,1.0,1.0,"[""Smoke alarm"", ""Bed linens"", ""Cleaning products"", ""Portable heater"", ""Dedicated workspace"", ""Microwave"", ""Conditioner"", ""Dishes and silverware"", ""Free street parking"", ""Shampoo"", ""Body soap"", ""Pack \u2019n play/Travel crib"", ""Hair dryer"", ""Self check-in"", ""Fire extinguisher"", ""Freezer"", ""Toaster"", ""Bathtub"", ""Smart lock"", ""Iron"", ""Extra pillows and blankets"", ""Essentials"", ""Room-darkening shades"", ""Radiant heating"", ""Gym nearby"", ""Laundromat nearby"", ""Folding or convertible high chair - available upon request"", ""Shower gel"", ""Ceiling fan"", ""Kitchen"", ""Wifi"", ""Ethernet connection"", ""Clothing storage: closet and dresser"", ""Changing table - available upon request"", ""LG refrigerator"", ""Crib - available upon request"", ""Cooking basics"", ""Hot water"", ""Carbon monoxide alarm"", ""Free parking on premises"", ""TV"", ""Outdoor dining area"", ""Pets allowed"", ""First aid kit"", ""Hangers"", ""Samsung stainless steel double oven"", ""Dining table"", ""Window AC unit"", ""Hot water kettle"", ""Samsung stainless steel gas stove"", ""Long term stays allowed""]",wifi,Kitchen,parking,170.0,3,11,5.0,5.0,OSE-STRREG-0002030,t,293,11.0
1056564961383687067,city scrape,Bushwick,Brooklyn,Entire rental unit,Entire home/apt,2,1.0,1 bath,1.0,1.0,"[""Smoke alarm"", ""Central air conditioning"", ""Bed linens"", ""Cleaning products"", ""Dedicated workspace"", ""Microwave"", ""Conditioner"", ""Dishes and silverware"", ""Free street parking"", ""Shampoo"", ""Electric stove"", ""Body soap"", ""Hair dryer"", ""Self check-in"", ""Freezer"", ""Coffee"", ""Smart lock"", ""Iron"", ""Extra pillows and blankets"", ""Essentials"", ""Room-darkening shades"", ""Laundromat nearby"", ""Shower gel"", ""Kitchen"", ""Wifi"", ""Coffee maker"", ""Luggage dropoff allowed"", ""Refrigerator"", ""Cooking basics"", ""Hot water"", ""Wine glasses"", ""Carbon monoxide alarm"", ""TV"", ""Mini fridge"", ""Pets allowed"", ""Dining table"", ""Hangers"", ""Central heating"", ""Private patio or balcony"", ""Hot water kettle"", ""Long term stays allowed""]",wifi,Kitchen,parking,153.0,1,0,,,OSE-STRREG-0002204,f,290,
31466176,city scrape,Harlem,Manhattan,Entire rental unit,Entire home/apt,2,1.0,1 bath,1.0,1.0,"[""Smoke alarm"", ""Heating"", ""Kitchen"", ""Wifi"", ""Oven"", ""Coffee maker"", ""Luggage dropoff allowed"", ""Refrigerator"", ""Iron"", ""Microwave"", ""Dishes and silverware"", ""Stove"", ""Free street parking"", ""Hot water"", ""Essentials"", ""Cooking basics"", ""Carbon monoxide alarm"", ""Host greets you"", ""TV""]",wifi,Kitchen,parking,118.0,5,164,4.93,4.63,Exempt,t,288,78.0
1131458412663503638,city scrape,Bedford-Stuyvesant,Brooklyn,Entire guest suite,Entire home/apt,2,1.0,1 bath,1.0,2.0,"[""Smoke alarm"", ""Bed linens"", ""Cleaning products"", ""Dedicated workspace"", ""Microwave"", ""Conditioner"", ""Dishes and silverware"", ""Stove"", ""Shampoo"", ""Free street parking"", ""Body soap"", ""Hair dryer"", ""Fire extinguisher"", ""Freezer"", ""Bathtub"", ""Essentials"", ""Room-darkening shades"", ""Kitchen"", ""Wifi"", ""Coffee maker"", ""Refrigerator"", ""Cooking basics"", ""Hot water"", ""Carbon monoxide alarm"", ""TV"", ""Air conditioning"", ""Private entrance"", ""Exterior security cameras on property"", ""Hangers"", ""Dining table"", ""Books and reading material"", ""Hot tub"", ""Hot water kettle"", ""Long term stays allowed""]",wifi,Kitchen,parking,172.0,2,0,,,NaN,f,288,
53109044,city scrape,Bedford-Stuyvesant,Brooklyn,Entire rental unit,Entire home/apt,2,1.0,1 bath,1.0,1.0,"[""Smoke alarm"", ""Bed linens"", ""55 inch HDTV with Netflix"", ""Oven"", ""Cleaning products"", ""Dedicated workspace"", ""Microwave"", ""Conditioner"", ""Dishes and silverware"", ""Free street parking"", ""Shampoo"", ""Lockbox"", ""Electric stove"", ""Body soap"", ""Hair dryer"", ""Self check-in"", ""Fire extinguisher"", ""Fireplace guards"", ""Freezer"", ""Blender"", ""Coffee"", ""Outlet covers"", ""Toaster"", ""Bathtub"", ""Safe"", ""Iron"", ""Extra pillows and blankets"", ""Essentials"", ""Room-darkening shades"", ""Radiant heating"", ""Indoor fireplace: electric"", ""Coffee maker: french press"", ""Clothing storage: closet"", ""Laundromat nearby"", ""Shower gel"", ""Ceiling fan"", ""Kitchen"", ""High chair"", ""Wifi"", ""Board games"", ""Luggage dropoff allowed"", ""Refrigerator"", ""Exercise equipment"", ""Cooking basics"", ""Hot water"", ""Wine glasses"", ""Carbon monoxide alarm"", ""Drying rack for clothing"", ""Baking sheet"", ""Portable fans"", ""Portable air conditioning"", ""First aid kit"", ""Hangers"", ""Dining table"", ""Books and reading material"", ""Window AC unit"", ""Hot water kettle"", ""Dishwasher""]",wifi,Kitchen,parking,183.0,2,105,4.99,4.91,OSE-STRREG-0000724,f,287,71.0
986777423260444075,city scrape,Harlem,Manhattan,Entire rental unit,Entire home/apt,4,1.0,1 bath,1.0,2.0,"[""Smoke alarm"", ""Bed linens"", ""Oven"", ""Cleaning products"", ""Dedicated workspace"", ""Pack \u2019n play/Travel crib - always at the listing"", ""Conditioner"", ""Dishes and silverware"", ""Free street parking"", ""Shampoo"", ""Body soap"", ""Hair dryer"", ""Self check-in"", ""Freezer"", ""Blender"", ""Single level home"", ""Coffee"", ""Toaster"", ""Bathtub"", ""Iron"", ""Extra pillows and blankets"", ""Essentials"", ""Elevator"", ""Radiant heating"", ""Clothing storage: closet"", ""Laundromat nearby"", ""Shower gel"", ""Kitchen"", ""Coffee maker"", ""Luggage dropoff allowed"", ""Building staff"", ""Refrigerator"", ""Fast wifi \u2013 550 Mbps"", ""Cooking basics"", ""Hot water"", ""Rice maker"", ""Carbon monoxide alarm"", ""Cleaning available during stay"", ""TV"", ""Baking sheet"", ""Induction stove"", ""Portable fans"", ""Exterior security cameras on property"", ""Hangers"", ""Books and reading material"", ""Window AC unit"", ""Hot water kettle"", ""Long term stays allowed""]",wifi,Kitchen,parking,247.0,2,27,4.96,4.78,Exempt,f,271,27.0
988345754563311046,city scrape,Harlem,Manhattan,Entire rental unit,Entire home/apt,2,1.0,1 bath,0.0,1.0,"[""Smoke alarm"", ""Heating"", ""Bed linens"", ""Oven"", ""Cleaning products"", ""Dedicated workspace"", ""Microwave"", ""Conditioner"", ""Dishes and silverware"", ""Stove"", ""Shampoo"", ""Free street parking"", ""Lockbox"", ""Clothing storage"", ""Body soap"", ""Hair dryer"", ""Self check-in"", ""Fire extinguisher"", ""Freezer"", ""Coffee"", ""Paid parking off premises"", ""Toaster"", ""Bathtub"", ""Iron"", ""Extra pillows and blankets"", ""Essentials"", ""Laundromat nearby"", ""Shower gel"", ""Kitchen"", ""Wifi"", ""Coffee maker"", ""Refrigerator"", ""Cooking basics"", ""Hot water"", ""Wine glasses"", ""Rice maker"", ""TV with standard cable"", ""Trash compactor"", ""Air conditioning"", ""Portable fans"", ""Private entrance"", ""Exterior security cameras on property"", ""Hangers"", ""Dining table"", ""Dishwasher"", ""Long term stays allowed""]",wifi,Kitchen,parking,146.0,4,10,4.5,4.7,Exempt,f,269,10.0
50154380,city scrape,Bedford-Stuyvesant,Brooklyn,Entire rental unit,Entire home/apt,3,1.0,1 bath,1.0,2.0,"[""Smoke alarm"", ""Bed linens"", ""Oven"", ""Cleaning products"", ""Dedicated workspace"", ""Microwave"", ""Dishes and silverware"", ""Free street parking"", ""Lockbox"", ""Hair dryer"", ""Self check-in"", ""Freezer"", ""Coffee"", ""Bathtub"", ""Iron"", ""Essentials"", ""Radiant heating"", ""50 inch HDTV"", ""Clothing storage: closet"", ""Laundromat nearby"", ""Ceiling fan"", ""Kitchen"", ""Wifi"", ""Luggage dropoff allowed"", ""Refrigerator"", ""Cooking basics"", ""Hot water"", ""Wine glasses"", ""Carbon monoxide alarm"", ""Courtyard view"", ""Coffee maker: Keurig coffee machine"", ""Whirlpool electric stove"", ""Dining table"", ""Hangers"", ""Window AC unit"", ""Hot water kettle"", ""Long term stays allowed""]",wifi,Kitchen,parking,231.0,2,154,4.92,4.89,Exempt,f,266,115.0
10709249,city scrape,Bedford-Stuyvesant,Brooklyn,Entire rental unit,Entire home/apt,3,1.0,1 bath,1.0,4.0,"[""Smoke alarm"", ""Heating"", ""Central air conditioning"", ""Bed linens"", ""Oven"", ""Microwave"", ""Conditioner"", ""Dishes and silverware"", ""Stove"", ""Shampoo"", ""Free street parking"", ""Hair dryer"", ""Self check-in"", ""Freezer"", ""Single level home"", ""Coffee"", ""Keypad"", ""Toaster"", ""Iron"", ""Extra pillows and blankets"", ""Essentials"", ""Clothing storage: closet"", ""Shower gel"", ""Kitchen"", ""Wifi"", ""Ethernet connection"", ""Coffee maker"", ""Luggage dropoff allowed"", ""Refrigerator"", ""Cooking basics"", ""Hot water"", ""Patio or balcony"", ""Carbon monoxide alarm"", ""Private entrance"", ""Hangers"", ""Private backyard \u2013 Fully fenced"", ""35 inch TV with Netflix, standard cable"", ""Hot water kettle"", ""Dishwasher""]",wifi,Kitchen,parking,280.0,2,324,4.92,4.55,OSE-STRREG-0001411,f,265,72.0
17669480,city scrape,Bedford-Stuyvesant,Brooklyn,Entire rental unit,Entire home/apt,2,1.0,1 bath,0.0,1.0,"[""Smoke alarm"", ""Bed linens"", ""Oven"", ""Cleaning products"", ""Microwave"", ""Dishes and silverware"", ""Free street parking"", ""Lockbox"", ""Hair dryer"", ""Self check-in"", ""43 inch HDTV"", ""Freezer"", ""Coffee"", ""Iron"", ""Essentials"", ""Radiant heating"", ""Laundromat nearby"", ""Ceiling fan"", ""Kitchen"", ""Wifi"", ""Coffee maker"", ""Luggage dropoff allowed"", ""Clothing storage: closet and dresser"", ""Refrigerator"", ""Cooking basics"", ""Hot water"", ""Wine glasses"", ""Carbon monoxide alarm"", ""Hangers"", ""Books and reading material"", ""Window AC unit"", ""Hot water kettle"", ""Gas stove"", ""Long term stays allowed""]",wifi,Kitchen,parking,179.0,2,389,4.85,4.82,Exempt,f,257,156.0
40335341,city scrape,Harlem,Manhattan,Entire rental unit,Entire home/apt,4,1.0,1 bath,0.0,2.0,"[""Smoke alarm"", ""Heating"", ""Bed linens"", ""Paid parking garage off premises"", ""Microwave"", ""Clothing storage: wardrobe"", ""Dishes and silverware"", ""Stove"", ""Lockbox"", ""Pack \u2019n play/Travel crib"", ""Self check-in"", ""Fire extinguisher"", ""Iron"", ""Essentials"", ""Kitchen"", ""Wifi"", ""Coffee maker"", ""Hot water"", ""Carbon monoxide alarm"", ""Air conditioning"", ""Mini fridge"", ""Dining table"", ""Hangers""]",wifi,Kitchen,parking,175.0,1,178,4.71,4.78,Exempt,t,251,127.0
11927032,city scrape,Bedford-Stuyvesant,Brooklyn,Entire home,Entire home/apt,2,1.0,1 bath,1.0,1.0,"[""Smoke alarm"", ""GE stainless steel gas stove"", ""Heating"", ""Bed linens"", ""Oven"", ""Dedicated workspace"", ""Dishes and silverware"", ""Free street parking"", ""Shampoo"", ""Lockbox"", ""Hair dryer"", ""Self check-in"", ""Fire extinguisher"", ""Window guards"", ""Iron"", ""Essentials"", ""Room-darkening shades"", ""Kitchen"", ""Wifi"", ""Coffee maker"", ""Refrigerator"", ""Cooking basics"", ""Hot water"", ""Carbon monoxide alarm"", ""Free parking on premises"", ""TV"", ""Air conditioning"", ""Private entrance"", ""Hangers"", ""Dishwasher"", ""Long term stays allowed""]",wifi,Kitchen,parking,164.0,3,85,4.79,4.41,OSE-STRREG-0002050,f,245,42.0
16620235,city scrape,Bedford-Stuyvesant,Brooklyn,Entire rental unit,Entire home/apt,2,1.0,1 bath,1.0,2.0,"[""Smoke alarm"", ""Heating"", ""Bed linens"", ""Oven"", ""Cleaning products"", ""Dedicated workspace"", ""Microwave"", ""Conditioner"", ""Dishes and silverware"", ""Stove"", ""Shampoo"", ""Free street parking"", ""Clothing storage"", ""Hair dryer"", ""Fire extinguisher"", ""Freezer"", ""Coffee"", ""Toaster"", ""Bathtub"", ""Host greets you"", ""Iron"", ""Extra pillows and blankets"", ""Essentials"", ""Room-darkening shades"", ""Coffee maker: french press"", ""Laundromat nearby"", ""Shower gel"", ""HDTV with Roku"", ""Ceiling fan"", ""Kitchen"", ""Wifi"", ""Refrigerator"", ""Cooking basics"", ""Hot water"", ""Cleaning available during stay"", ""Carbon monoxide alarm"", ""Free parking on premises"", ""Exterior security cameras on property"", ""Hangers"", ""First aid kit"", ""Dining table"", ""Books and reading material"", ""Window AC unit"", ""Hot water kettle"", ""Dishwasher""]",wifi,Kitchen,parking,185.0,7,238,4.95,4.82,Exempt,f,241,60.0
919383845592883891,city scrape,Bedford-Stuyvesant,Brooklyn,Entire guest suite,Entire home/apt,2,1.0,1 bath,2.0,2.0,"[""Exercise equipment: yoga mat"", ""Smoke alarm"", ""Bed linens"", ""Bluetooth sound system"", ""Cleaning products"", ""Baby safety gates"", ""Dedicated workspace"", ""Microwave"", ""Conditioner"", ""Dishes and silverware"", ""Free street parking"", ""Shampoo"", ""Lockbox"", ""Body soap"", ""Hair dryer"", ""Self check-in"", ""Fire extinguisher"", ""Fast wifi \u2013 187 Mbps"", ""Freezer"", ""Shared BBQ grill: charcoal"", ""Coffee"", ""Toaster"", ""Iron"", ""Extra pillows and blankets"", ""Essentials"", ""Room-darkening shades"", ""Laundromat nearby"", ""Shower gel"", ""Kitchen"", ""Board games"", ""Refrigerator"", ""Stainless steel oven"", ""Cooking basics"", ""Hot water"", ""Wine glasses"", ""Carbon monoxide alarm"", ""Shared backyard \u2013 Fully fenced"", ""Coffee maker: Keurig coffee machine"", ""Free parking on premises"", ""TV"", ""Baking sheet"", ""Outdoor dining area"", ""Air conditioning"", ""Outdoor furniture"", ""Private entrance"", ""Exterior security cameras on property"", ""Hangers"", ""Central heating"", ""First aid kit"", ""Shared patio or balcony"", ""Books and reading material"", ""Clothing storage: walk-in closet and closet"", ""Hot water kettle"", ""Gas stove""]",wifi,Kitchen,parking,204.0,5,31,4.9,4.74,OSE-STRREG-0000945,f,239,31.0
886265109629501124,city scrape,Bushwick,Brooklyn,Entire rental unit,Entire home/apt,2,1.0,1 bath,1.0,1.0,"[""Smoke alarm"", ""Bed linens"", ""Oven"", ""Cleaning products"", ""Dedicated workspace"", ""Microwave"", ""Conditioner"", ""Dishes and silverware"", ""Free street parking"", ""Shampoo"", ""Electric stove"", ""Clothing storage"", ""Body soap"", ""Hair dryer"", ""Self check-in"", ""Freezer"", ""Coffee"", ""Smart lock"", ""Iron"", ""Extra pillows and blankets"", ""Essentials"", ""Room-darkening shades"", ""Laundromat nearby"", ""Shower gel"", ""Kitchen"", ""Wifi"", ""Coffee maker"", ""Refrigerator"", ""Heating - split type ductless system"", ""Cooking basics"", ""Hot water"", ""Wine glasses"", ""Carbon monoxide alarm"", ""TV with standard cable"", ""AC - split type ductless system"", ""Mini fridge"", ""Pets allowed"", ""Exterior security cameras on property"", ""Hangers"", ""Private patio or balcony"", ""Hot water kettle"", ""Dishwasher"", ""Long term stays allowed""]",wifi,Kitchen,parking,191.0,1,51,4.84,4.92,OSE-STRREG-0000705,t,238,51.0
1072438872838139128,city scrape,Bushwick,Brooklyn,Entire loft,Entire home/apt,2,1.0,1 bath,1.0,1.0,"[""Smoke alarm"", ""Coffee maker: drip coffee maker"", ""Heating"", ""Bed linens"", ""Cleaning products"", ""Dedicated workspace"", ""Microwave"", ""Conditioner"", ""Dishes and silverware"", ""Free street parking"", ""Shampoo"", ""Electric stove"", ""Hair dryer"", ""Self check-in"", ""Freezer"", ""Housekeeping - available at extra cost"", ""Coffee"", ""Smart lock"", ""Iron"", ""Room-darkening shades"", ""Laundromat nearby"", ""Shower gel"", ""Kitchen"", ""Wifi"", ""Refrigerator"", ""Cooking basics"", ""Hot water"", ""Wine glasses"", ""Carbon monoxide alarm"", ""TV"", ""Air conditioning"", ""Pets allowed"", ""Exterior security cameras on property"", ""Dining table"", ""Hot water kettle""]",wifi,Kitchen,parking,215.0,1,8,5.0,5.0,OSE-STRREG-0001922,f,236,8.0
15858847,city scrape,Harlem,Manhattan,Entire rental unit,Entire home/apt,4,1.0,1 bath,0.0,2.0,"[""Smoke alarm"", ""Heating"", ""Bed linens"", ""Oven"", ""Cleaning products"", ""Microwave"", ""Dishes and silverware"", ""Stove"", ""Free street parking"", ""Lockbox"", ""Hair dryer"", ""Self check-in"", ""Fire extinguisher"", ""Single level home"", ""Paid parking off premises"", ""Iron"", ""Extra pillows and blankets"", ""Essentials"", ""Room-darkening shades"", ""Kitchen"", ""Wifi"", ""Ethernet connection"", ""Coffee maker"", ""Luggage dropoff allowed"", ""Refrigerator"", ""Hot water"", ""Carbon monoxide alarm"", ""Air conditioning"", ""Private entrance"", ""Hangers"", ""Long term stays allowed""]",wifi,Kitchen,parking,192.0,1,294,4.6,4.8,Exempt,t,235,113.0
52127911,city scrape,Bedford-Stuyvesant,Brooklyn,Entire guest suite,Entire home/apt,1,1.0,1 bath,2.0,2.0,"[""Smoke alarm"", ""Free dryer \u2013 In unit"", ""Heating"", ""Bed linens"", ""Cleaning products"", ""Microwave"", ""Conditioner"", ""Dishes and silverware"", ""Free street parking"", ""Shampoo"", ""Clothing storage"", ""Body soap"", ""Hair dryer"", ""Self check-in"", ""Fire extinguisher"", ""Freezer"", ""Coffee"", ""Keypad"", ""Toaster"", ""Bathtub"", ""Iron"", ""Extra pillows and blankets"", ""Essentials"", ""Stainless steel gas stove"", ""Laundromat nearby"", ""Shower gel"", ""Kitchen"", ""Free washer \u2013 In unit"", ""Luggage dropoff allowed"", ""Refrigerator"", ""Stainless steel oven"", ""Cooking basics"", ""Hot water"", ""Wine glasses"", ""Carbon monoxide alarm"", ""Coffee maker: Keurig coffee machine"", ""AC - split type ductless system"", ""Drying rack for clothing"", ""TV"", ""Baking sheet"", ""Portable fans"", ""Private entrance"", ""Fast wifi \u2013 304 Mbps"", ""Exterior security cameras on property"", ""Hangers"", ""First aid kit"", ""Dining table"", ""Private patio or balcony"", ""Hot water kettle"", ""Dishwasher""]",wifi,Kitchen,parking,135.0,1,137,4.96,4.6,OSE-STRREG-0000603,f,232,78.0
849141207957610737,city scrape,Bushwick,Brooklyn,Entire rental unit,Entire home/apt,2,1.0,1 bath,1.0,1.0,"[""Smoke alarm"", ""Heating"", ""Central air conditioning"", ""Bed linens"", ""Oven"", ""Cleaning products"", ""Dedicated workspace"", ""Microwave"", ""Conditioner"", ""Dishes and silverware"", ""Free street parking"", ""Shampoo"", ""Clothing storage"", ""Body soap"", ""Hair dryer"", ""Self check-in"", ""Freezer"", ""Coffee"", ""Smart lock"", ""Iron"", ""Essentials"", ""Room-darkening shades"", ""Laundromat nearby"", ""Shower gel"", ""Kitchen"", ""Wifi"", ""Coffee maker"", ""Refrigerator"", ""Cooking basics"", ""Hot water"", ""Wine glasses"", ""Carbon monoxide alarm"", ""Courtyard view"", ""Electric electric stove"", ""Free parking on premises"", ""AC - split type ductless system"", ""65 inch HDTV with Amazon Prime Video, Netflix"", ""Outdoor furniture"", ""Pets allowed"", ""Exterior security cameras on property"", ""Hangers"", ""Dining table"", ""Private patio or balcony"", ""Hot water kettle"", ""Dishwasher"", ""Long term stays allowed""]",wifi,Kitchen,parking,229.0,1,71,4.8,4.9,OSE-STRREG-0000705,f,232,71.0
1019645060934557521,city scrape,Harlem,Manhattan,Entire loft,Entire home/apt,4,1.0,1 bath,1.0,2.0,"[""Smoke alarm"", ""Bed linens"", ""Cleaning products"", ""Dedicated workspace"", ""Microwave"", ""Conditioner"", ""Dishes and silverware"", ""Free street parking"", ""Shampoo"", ""Body soap"", ""Hair dryer"", ""Fire extinguisher"", ""Freezer"", ""Blender"", ""Coffee"", ""Toaster"", ""Iron"", ""Extra pillows and blankets"", ""Essentials"", ""Stainless steel gas stove"", ""Radiant heating"", ""Laundromat nearby"", ""Shower gel"", ""Kitchen"", ""Wifi"", ""Double oven"", ""Luggage dropoff allowed"", ""Clothing storage: closet and dresser"", ""Refrigerator"", ""City skyline view"", ""Cooking basics"", ""Hot water"", ""Wine glasses"", ""Carbon monoxide alarm"", ""Cleaning available during stay"", ""Coffee maker: pour-over coffee"", ""TV"", ""Trash compactor"", ""Pets allowed"", ""Private entrance"", ""First aid kit"", ""Hangers"", ""Dining table"", ""Books and reading material"", ""Window AC unit"", ""Hot water kettle""]",wifi,Kitchen,parking,174.0,1,14,4.86,4.86,Exempt,t,231,14.0
23088777,city scrape,Bedford-Stuyvesant,Brooklyn,Entire guest suite,Entire home/apt,2,2.5,2.5 baths,2.0,3.0,"[""Smoke alarm"", ""Free dryer \u2013 In unit"", ""Central air conditioning"", ""Bed linens"", ""Oven"", ""Garden view"", ""Cleaning products"", ""Dedicated workspace"", ""Microwave"", ""Conditioner"", ""Dishes and silverware"", ""Free street parking"", ""Shampoo"", ""Sun loungers"", ""Hair dryer"", ""Self check-in"", ""Fire extinguisher"", ""Freezer"", ""Coffee"", ""Keypad"", ""Toaster"", ""Bathtub"", ""Iron"", ""Extra pillows and blankets"", ""Outdoor playground"", ""Essentials"", ""Stainless steel gas stove"", ""Long term stays allowed"", ""Shower gel"", ""Kitchen"", ""Free washer \u2013 In unit"", ""Wifi"", ""Coffee maker"", ""Refrigerator"", ""Cooking basics"", ""Hot water"", ""Wine glasses"", ""Carbon monoxide alarm"", ""Outdoor dining area"", ""Drying rack for clothing"", ""Outdoor furniture"", ""Private entrance"", ""Dining table"", ""Hangers"", ""Central heating"", ""Park view"", ""Private backyard \u2013 Fully fenced"", ""Private patio or balcony"", ""Clothing storage: walk-in closet and closet"", ""Hot water kettle"", ""47 inch HDTV"", ""Dishwasher"", ""Olay body soap""]",wifi,Kitchen,parking,249.0,7,46,4.96,4.48,OSE-STRREG-0000061,f,229,17.0
670291854273683571,city scrape,Bedford-Stuyvesant,Brooklyn,Entire rental unit,Entire home/apt,2,1.0,1 bath,0.0,1.0,"[""Smoke alarm"", ""Heating"", ""Bed linens"", ""Dedicated workspace"", ""Microwave"", ""Conditioner"", ""Dishes and silverware"", ""Free street parking"", ""Shampoo"", ""Hair dryer"", ""Fire extinguisher"", ""Freezer"", ""Bathtub"", ""Essentials"", ""Shower gel"", ""Kitchen"", ""Wifi"", ""Hot water"", ""Wine glasses"", ""Carbon monoxide alarm"", ""Coffee maker: Keurig coffee machine"", ""Air conditioning"", ""Mini fridge"", ""Hot water kettle""]",wifi,Kitchen,parking,139.0,1,100,4.88,4.86,Exempt,t,229,100.0
32845516,city scrape,Bedford-Stuyvesant,Brooklyn,Entire rental unit,Entire home/apt,2,1.0,1 bath,1.0,1.0,"[""Smoke alarm"", ""Heating"", ""Bed linens"", ""Conditioner"", ""Dishes and silverware"", ""Free street parking"", ""Shampoo"", ""Body soap"", ""Hair dryer"", ""Fire extinguisher"", ""Bathtub"", ""Iron"", ""Essentials"", ""Room-darkening shades"", ""Clothing storage: closet"", ""Shower gel"", ""Kitchen"", ""Wifi"", ""Coffee maker"", ""Refrigerator"", ""Cooking basics"", ""Hot water"", ""Carbon monoxide alarm"", ""Outdoor furniture"", ""Private entrance"", ""Exterior security cameras on property"", ""Hangers"", ""Window AC unit"", ""Long term stays allowed""]",wifi,Kitchen,parking,139.0,1,272,4.82,4.78,Exempt,t,228,125.0
1055855035131489398,city scrape,Bushwick,Brooklyn,Entire rental unit,Entire home/apt,2,1.0,1 bath,1.0,2.0,"[""Smoke alarm"", ""Central air conditioning"", ""Bed linens"", ""Dedicated workspace"", ""Microwave"", ""Conditioner"", ""Dishes and silverware"", ""Free street parking"", ""Shampoo"", ""Clothing storage"", ""Body soap"", ""Hair dryer"", ""Self check-in"", ""Freezer"", ""Coffee"", ""Smart lock"", ""Iron"", ""Essentials"", ""Room-darkening shades"", ""Laundromat nearby"", ""Shower gel"", ""Kitchen"", ""Wifi"", ""Coffee maker"", ""Luggage dropoff allowed"", ""Refrigerator"", ""Cooking basics"", ""Hot water"", ""Carbon monoxide alarm"", ""TV"", ""Mini fridge"", ""Pets allowed"", ""Exterior security cameras on property"", ""Hangers"", ""Central heating"", ""Dining table"", ""Hot water kettle"", ""Long term stays allowed""]",wifi,Kitchen,parking,206.0,1,1,4.0,,OSE-STRREG-0002204,f,216,1.0
27731269,city scrape,Bedford-Stuyvesant,Brooklyn,Entire rental unit,Entire home/apt,2,1.0,1 bath,1.0,2.0,"[""Smoke alarm"", ""Heating"", ""Bed linens"", ""Oven"", ""Cleaning products"", ""Dedicated workspace"", ""Microwave"", ""Dishes and silverware"", ""Stove"", ""Free street parking"", ""Shampoo"", ""Hair dryer"", ""Fire extinguisher"", ""Outlet covers"", ""Bathtub"", ""Host greets you"", ""Iron"", ""Extra pillows and blankets"", ""Essentials"", ""Kitchen"", ""Wifi"", ""Coffee maker"", ""Refrigerator"", ""Cooking basics"", ""Hot water"", ""Cleaning available during stay"", ""Carbon monoxide alarm"", ""TV"", ""Portable air conditioning"", ""Exterior security cameras on property"", ""Hangers"", ""First aid kit"", ""Private patio or balcony"", ""Dishwasher""]",wifi,Kitchen,parking,185.0,7,176,4.9,4.79,Exempt,f,214,64.0
849766949872596187,city scrape,Bedford-Stuyvesant,Brooklyn,Entire townhouse,Entire home/apt,2,1.0,1 bath,1.0,1.0,"[""Smoke alarm"", ""Coffee maker: drip coffee maker"", ""Bed linens"", ""Cleaning products"", ""Dedicated workspace"", ""Microwave"", ""Pack \u2019n play/Travel crib - always at the listing"", ""Conditioner"", ""Dishes and silverware"", ""Free street parking"", ""Shampoo"", ""Body soap"", ""Hair dryer"", ""Self check-in"", ""Fire extinguisher"", ""Freezer"", ""60 inch HDTV with Hulu, Amazon Prime Video, Netflix, Apple TV, Fire TV, Disney+"", ""Keypad"", ""Toaster"", ""Bathtub"", ""Iron"", ""Extra pillows and blankets"", ""Essentials"", ""Room-darkening shades"", ""Radiant heating"", ""Clothing storage: closet"", ""Laundromat nearby"", ""Shower gel"", ""Ceiling fan"", ""Kitchen"", ""Luggage dropoff allowed"", ""Cooking basics"", ""Hot water"", ""Wine glasses"", ""Carbon monoxide alarm"", ""Drying rack for clothing"", ""Portable fans"", ""Full sized refrigerator"", ""Private entrance"", ""Standalone high chair - always at the listing"", ""Exterior security cameras on property"", ""Hangers"", ""First aid kit"", ""Dining table"", ""Fast wifi \u2013 51 Mbps"", ""Window AC unit"", ""Hot water kettle"", ""Long term stays allowed""]",wifi,Kitchen,parking,175.0,3,46,4.83,4.84,OSE-STRREG-0000707,f,214,46.0
32845331,city scrape,Bedford-Stuyvesant,Brooklyn,Entire rental unit,Entire home/apt,3,1.0,1 bath,0.0,2.0,"[""Smoke alarm"", ""Heating"", ""Bed linens"", ""Dedicated workspace"", ""Dishes and silverware"", ""Free street parking"", ""Shampoo"", ""Hair dryer"", ""Fire extinguisher"", ""Iron"", ""Essentials"", ""Kitchen"", ""Wifi"", ""Coffee maker"", ""Refrigerator"", ""Cooking basics"", ""Hot water"", ""Carbon monoxide alarm"", ""Private entrance"", ""Exterior security cameras on property"", ""Hangers"", ""Window AC unit"", ""Long term stays allowed""]",wifi,Kitchen,parking,139.0,1,278,4.75,4.72,Exempt,t,213,112.0
1155885,city scrape,Bedford-Stuyvesant,Brooklyn,Entire guest suite,Entire home/apt,2,1.0,1 bath,1.0,1.0,"[""Smoke alarm"", ""Heating"", ""Oven"", ""Dishes and silverware"", ""Stove"", ""Free street parking"", ""Shampoo"", ""Lockbox"", ""Pack \u2019n play/Travel crib"", ""Hair dryer"", ""Self check-in"", ""Fire extinguisher"", ""Iron"", ""Essentials"", ""Kitchen"", ""Wifi"", ""Coffee maker"", ""Refrigerator"", ""Cooking basics"", ""Hot water"", ""Carbon monoxide alarm"", ""Air conditioning"", ""Hangers"", ""Dishwasher""]",wifi,Kitchen,parking,176.0,2,344,4.69,4.49,OSE-STRREG-0000092,f,210,69.0
45143239,city scrape,Bedford-Stuyvesant,Brooklyn,Entire rental unit,Entire home/apt,2,1.0,1 bath,0.0,1.0,"[""Smoke alarm"", ""Heating"", ""Oven"", ""Dedicated workspace"", ""Microwave"", ""Dishes and silverware"", ""Stove"", ""Free street parking"", ""Shampoo"", ""Hair dryer"", ""Fire extinguisher"", ""Freezer"", ""Iron"", ""Essentials"", ""Laundromat nearby"", ""Shower gel"", ""Kitchen"", ""Wifi"", ""Coffee maker"", ""Refrigerator"", ""Backyard"", ""Cooking basics"", ""Hot water"", ""Carbon monoxide alarm"", ""TV"", ""Air conditioning"", ""Private entrance"", ""Exterior security cameras on property"", ""Hangers"", ""Bread maker"", ""BBQ grill"", ""Dishwasher""]",wifi,Kitchen,parking,128.0,1,121,4.59,4.72,Exempt,t,210,104.0
669305594749936462,city scrape,Bedford-Stuyvesant,Brooklyn,Entire rental unit,Entire home/apt,2,1.0,1 bath,0.0,1.0,"[""Smoke alarm"", ""Heating"", ""Bed linens"", ""Dedicated workspace"", ""Microwave"", ""Conditioner"", ""Dishes and silverware"", ""Free street parking"", ""Shampoo"", ""Hair dryer"", ""Fire extinguisher"", ""Freezer"", ""Bathtub"", ""Essentials"", ""Shower gel"", ""Kitchen"", ""Wifi"", ""Hot water"", ""Wine glasses"", ""Carbon monoxide alarm"", ""Coffee maker: Keurig coffee machine"", ""Air conditioning"", ""Mini fridge"", ""Hot water kettle""]",wifi,Kitchen,parking,128.0,1,93,4.86,4.8,Exempt,t,207,93.0
890024618549880298,city scrape,Bushwick,Brooklyn,Entire guest suite,Entire home/apt,2,1.0,1 bath,2.0,2.0,"[""Smoke alarm"", ""Free dryer \u2013 In unit"", ""Bed linens"", ""55 inch HDTV with Netflix"", ""Cleaning products"", ""Dedicated workspace"", ""Microwave"", ""Conditioner"", ""Dishes and silverware"", ""Free street parking"", ""Shampoo"", ""Body soap"", ""Pack \u2019n play/Travel crib - available upon request"", ""Hair dryer"", ""Self check-in"", ""Fire extinguisher"", ""Freezer"", ""Frigidaire refrigerator"", ""Single level home"", ""Coffee"", ""Toaster"", ""Smart lock"", ""Iron"", ""Essentials"", ""Radiant heating"", ""Clothing storage: closet"", ""Frigidaire single oven"", ""Laundromat nearby"", ""Kitchen"", ""Free washer \u2013 In unit"", ""Wifi"", ""Frigidaire gas stove"", ""Outdoor kitchen with sink"", ""Cooking basics"", ""Hot water"", ""Wine glasses"", ""Carbon monoxide alarm"", ""Shared backyard \u2013 Fully fenced"", ""Cleaning available during stay"", ""Coffee maker: Keurig coffee machine"", ""Free parking on premises"", ""AC - split type ductless system"", ""Baking sheet"", ""Outdoor dining area"", ""Outdoor furniture"", ""Private entrance"", ""Exterior security cameras on property"", ""Hangers"", ""First aid kit"", ""Dining table"", ""BBQ grill"", ""Hot water kettle"", ""Dishwasher"", ""Long term stays allowed""]",wifi,Kitchen,parking,253.0,4,39,4.92,4.67,OSE-STRREG-0000824,f,206,39.0
667532032936314042,city scrape,Bedford-Stuyvesant,Brooklyn,Entire rental unit,Entire home/apt,2,1.0,1 bath,0.0,1.0,"[""Smoke alarm"", ""Heating"", ""Bed linens"", ""Dedicated workspace"", ""Microwave"", ""Conditioner"", ""Dishes and silverware"", ""Free street parking"", ""Shampoo"", ""Hair dryer"", ""Fire extinguisher"", ""Freezer"", ""Bathtub"", ""Essentials"", ""Shower gel"", ""Kitchen"", ""Wifi"", ""Hot water"", ""Wine glasses"", ""Carbon monoxide alarm"", ""Coffee maker: Keurig coffee machine"", ""Air conditioning"", ""Mini fridge"", ""Hot water kettle""]",wifi,Kitchen,parking,128.0,1,119,4.88,4.83,Exempt,t,203,119.0
666022943667475224,city scrape,Bedford-Stuyvesant,Brooklyn,Entire rental unit,Entire home/apt,2,1.0,1 bath,0.0,1.0,"[""Smoke alarm"", ""Bed linens"", ""Dedicated workspace"", ""Microwave"", ""Conditioner"", ""Dishes and silverware"", ""Free street parking"", ""Shampoo"", ""Hair dryer"", ""Fire extinguisher"", ""Freezer"", ""Bathtub"", ""Essentials"", ""Radiant heating"", ""Shower gel"", ""Kitchen"", ""Wifi"", ""Hot water"", ""Wine glasses"", ""Carbon monoxide alarm"", ""Coffee maker: Keurig coffee machine"", ""Mini fridge"", ""Window AC unit"", ""Hot water kettle""]",wifi,Kitchen,parking,139.0,1,80,4.88,4.71,Exempt,t,203,80.0
32858018,city scrape,Bedford-Stuyvesant,Brooklyn,Entire rental unit,Entire home/apt,2,1.0,1 bath,0.0,1.0,"[""Smoke alarm"", ""Heating"", ""Bed linens"", ""Dedicated workspace"", ""Dishes and silverware"", ""Stove"", ""Free street parking"", ""Shampoo"", ""Hair dryer"", ""Fire extinguisher"", ""Freezer"", ""Iron"", ""Essentials"", ""Shower gel"", ""Kitchen"", ""Wifi"", ""Cooking basics"", ""Hot water"", ""Carbon monoxide alarm"", ""Coffee maker: Keurig coffee machine"", ""Mini fridge"", ""Private entrance"", ""Exterior security cameras on property"", ""Hangers"", ""Window AC unit"", ""Long term stays allowed""]",wifi,Kitchen,parking,128.0,1,239,4.72,4.72,Exempt,t,201,97.0
918355450872351634,city scrape,Harlem,Manhattan,Entire rental unit,Entire home/apt,4,1.0,1 bath,2.0,3.0,"[""Smoke alarm"", ""Heating"", ""Bed linens"", ""Cleaning products"", ""Dedicated workspace"", ""Microwave"", ""Conditioner"", ""Dishes and silverware"", ""Free street parking"", ""Shampoo"", ""Lockbox"", ""Electric stove"", ""Body soap"", ""Hair dryer"", ""Self check-in"", ""Fire extinguisher"", ""Freezer"", ""Blender"", ""Window guards"", ""Coffee"", ""Outlet covers"", ""Toaster"", ""Bathtub"", ""Iron"", ""Extra pillows and blankets"", ""Essentials"", ""Elevator"", ""Laundromat nearby"", ""Shower gel"", ""Ceiling fan"", ""Kitchen"", ""Wifi"", ""Coffee maker"", ""Board games"", ""Refrigerator"", ""Crib - available upon request"", ""Cooking basics"", ""Hot water"", ""Wine glasses"", ""Carbon monoxide alarm"", ""TV"", ""Trash compactor"", ""Pets allowed"", ""Stainless steel single oven"", ""First aid kit"", ""Hangers"", ""Park view"", ""Books and reading material"", ""Window AC unit""]",wifi,Kitchen,parking,263.0,2,42,4.6,4.5,Exempt,t,201,42.0
18657204,city scrape,Bedford-Stuyvesant,Brooklyn,Entire guest suite,Entire home/apt,4,1.0,1 bath,1.0,2.0,"[""Smoke alarm"", ""Fast wifi \u2013 414 Mbps"", ""Free dryer \u2013 In unit"", ""Bed linens"", ""Oven"", ""Cleaning products"", ""Dedicated workspace"", ""Microwave"", ""Conditioner"", ""Dishes and silverware"", ""Free street parking"", ""Shampoo"", ""Body soap"", ""Pack \u2019n play/Travel crib - available upon request"", ""Hair dryer"", ""Self check-in"", ""Crib"", ""Fire extinguisher"", ""Freezer"", ""Coffee"", ""Keypad"", ""Toaster"", ""Bathtub"", ""Iron"", ""Essentials"", ""Stainless steel gas stove"", ""Coffee maker: french press"", ""Radiant heating"", ""Clothing storage: closet"", ""Barbecue utensils"", ""Kitchen"", ""Free washer \u2013 In unit"", ""Luggage dropoff allowed"", ""Changing table - available upon request"", ""Refrigerator"", ""Cooking basics"", ""Hot water"", ""Rice maker"", ""Carbon monoxide alarm"", ""Shared backyard \u2013 Fully fenced"", ""TV"", ""Baking sheet"", ""Outdoor dining area"", ""Outdoor furniture"", ""Private entrance"", ""Exterior security cameras on property"", ""Hangers"", ""First aid kit"", ""Dining table"", ""Shared patio or balcony"", ""Children\u2019s books and toys"", ""Window AC unit"", ""Shared BBQ grill: charcoal"", ""Hot water kettle"", ""Dishwasher""]",wifi,Kitchen,parking,190.0,2,55,4.89,4.73,OSE-STRREG-0000071,f,200,55.0
32857674,city scrape,Bedford-Stuyvesant,Brooklyn,Entire rental unit,Entire home/apt,2,1.0,1 bath,0.0,1.0,"[""Smoke alarm"", ""Heating"", ""Bed linens"", ""Dedicated workspace"", ""Dishes and silverware"", ""Stove"", ""Free street parking"", ""Shampoo"", ""Hair dryer"", ""Fire extinguisher"", ""Freezer"", ""Iron"", ""Essentials"", ""Shower gel"", ""Kitchen"", ""Wifi"", ""Cooking basics"", ""Hot water"", ""Carbon monoxide alarm"", ""Coffee maker: Keurig coffee machine"", ""Air conditioning"", ""Mini fridge"", ""Private entrance"", ""Exterior security cameras on property"", ""Long term stays allowed""]",wifi,Kitchen,parking,133.0,1,279,4.72,4.73,Exempt,t,199,112.0
667539668193564442,city scrape,Bedford-Stuyvesant,Brooklyn,Entire rental unit,Entire home/apt,2,1.0,1 bath,0.0,1.0,"[""Smoke alarm"", ""Heating"", ""Bed linens"", ""Cleaning products"", ""Dedicated workspace"", ""Microwave"", ""Conditioner"", ""Dishes and silverware"", ""Free street parking"", ""Shampoo"", ""Body soap"", ""Hair dryer"", ""Fire extinguisher"", ""Freezer"", ""Bathtub"", ""Iron"", ""Essentials"", ""Laundromat nearby"", ""Shower gel"", ""Kitchen"", ""Wifi"", ""Refrigerator"", ""Hot water"", ""Wine glasses"", ""Carbon monoxide alarm"", ""Coffee maker: Keurig coffee machine"", ""Air conditioning"", ""Mini fridge"", ""Dining table"", ""Hangers"", ""Hot water kettle""]",wifi,Kitchen,parking,133.0,1,89,4.85,4.72,Exempt,t,199,89.0
1088028431891766930,city scrape,Harlem,Manhattan,Entire rental unit,Entire home/apt,3,1.0,1 bath,1.0,1.0,"[""Smoke alarm"", ""Bed linens"", ""Cleaning products"", ""Dedicated workspace"", ""Conditioner"", ""Dishes and silverware"", ""Free street parking"", ""Shampoo"", ""Fast wifi \u2013 246 Mbps"", ""Lockbox"", ""Electric stove"", ""Clothing storage"", ""Body soap"", ""Hair dryer"", ""Self check-in"", ""Coffee"", ""Bidet"", ""Bathtub"", ""Extra pillows and blankets"", ""Essentials"", ""Laundromat nearby"", ""Hammock"", ""Shower gel"", ""Kitchen"", ""Luggage dropoff allowed"", ""Game console: PS5"", ""Refrigerator"", ""Backyard"", ""Hot water"", ""Wine glasses"", ""Carbon monoxide alarm"", ""Cleaning available during stay"", ""Free parking on premises"", ""Outdoor dining area"", ""65 inch HDTV"", ""Trash compactor"", ""Air conditioning"", ""Outdoor furniture"", ""Pets allowed"", ""Dining table"", ""Hot water kettle"", ""Coffee maker: espresso machine""]",wifi,Kitchen,parking,200.0,1,23,4.96,4.96,Exempt,t,195,23.0
32354513,city scrape,Bedford-Stuyvesant,Brooklyn,Entire rental unit,Entire home/apt,3,1.0,1 bath,0.0,2.0,"[""Smoke alarm"", ""Heating"", ""Bed linens"", ""Dedicated workspace"", ""Dishes and silverware"", ""Free street parking"", ""Shampoo"", ""Hair dryer"", ""Fire extinguisher"", ""Iron"", ""Essentials"", ""Kitchen"", ""Wifi"", ""Coffee maker"", ""Refrigerator"", ""Cooking basics"", ""Hot water"", ""Carbon monoxide alarm"", ""Air conditioning"", ""Private entrance"", ""Exterior security cameras on property"", ""Hangers"", ""Long term stays allowed""]",wifi,Kitchen,parking,128.0,1,250,4.65,4.75,Exempt,f,191,104.0
32857378,city scrape,Bedford-Stuyvesant,Brooklyn,Entire rental unit,Entire home/apt,2,1.0,1 bath,0.0,1.0,"[""Smoke alarm"", ""Heating"", ""Bed linens"", ""Dedicated workspace"", ""Dishes and silverware"", ""Free street parking"", ""Shampoo"", ""Hair dryer"", ""Fire extinguisher"", ""Freezer"", ""Iron"", ""Essentials"", ""Shower gel"", ""Kitchen"", ""Wifi"", ""Cooking basics"", ""Hot water"", ""Carbon monoxide alarm"", ""Coffee maker: Keurig coffee machine"", ""Air conditioning"", ""Mini fridge"", ""Outdoor furniture"", ""Private entrance"", ""Exterior security cameras on property"", ""Hangers"", ""Long term stays allowed""]",wifi,Kitchen,parking,133.0,1,218,4.66,4.81,Exempt,t,190,85.0
8327773,city scrape,Bedford-Stuyvesant,Brooklyn,Entire guest suite,Entire home/apt,2,1.0,1 bath,1.0,2.0,"[""Exercise equipment: yoga mat"", ""Smoke alarm"", ""Bed linens"", ""Oven"", ""Cleaning products"", ""Portable heater"", ""Microwave"", ""Dishes and silverware"", ""Fast wifi \u2013 558 Mbps"", ""Free street parking"", ""Hair dryer"", ""Kenmore refrigerator"", ""Self check-in"", ""Fire extinguisher"", ""Freezer"", ""Blender"", ""Coffee"", ""Outlet covers"", ""Toaster"", ""Bathtub"", ""Smart lock"", ""Iron"", ""Extra pillows and blankets"", ""Essentials"", ""Room-darkening shades"", ""Radiant heating"", ""Beach essentials"", ""Laundromat nearby"", ""Shower gel"", ""Ceiling fan"", ""Kitchen"", ""Ethernet connection"", ""Luggage dropoff allowed"", ""Clothing storage: closet and dresser"", ""Cooking basics"", ""Hot water"", ""Wine glasses"", ""55 inch HDTV with Amazon Prime Video, Chromecast, Netflix, Roku, standard cable"", ""Carbon monoxide alarm"", ""Rice maker"", ""Coffee maker: Keurig coffee machine"", ""Drying rack for clothing"", ""Baking sheet"", ""Alberto VO5 shampoo"", ""Portable fans"", ""Portable air conditioning"", ""Private entrance"", ""Alberto VO5 conditioner"", ""Exterior security cameras on property"", ""Hangers"", ""First aid kit"", ""Dining table"", ""Shared patio or balcony"", ""Books and reading material"", ""Window AC unit"", ""Nubian Heritage Black Soap body soap"", ""Hot water kettle"", ""Gas stove""]",wifi,Kitchen,parking,252.0,3,368,4.92,4.82,OSE-STRREG-0000708,t,186,83.0
668782753074319290,city scrape,Bedford-Stuyvesant,Brooklyn,Entire rental unit,Entire home/apt,2,1.0,1 bath,0.0,1.0,"[""Smoke alarm"", ""Heating"", ""Bed linens"", ""Dedicated workspace"", ""Microwave"", ""Conditioner"", ""Dishes and silverware"", ""Free street parking"", ""Shampoo"", ""Hair dryer"", ""Fire extinguisher"", ""Freezer"", ""Bathtub"", ""Essentials"", ""Shower gel"", ""Kitchen"", ""Wifi"", ""Hot water"", ""Wine glasses"", ""Carbon monoxide alarm"", ""Coffee maker: Keurig coffee machine"", ""Air conditioning"", ""Mini fridge"", ""Hot water kettle""]",wifi,Kitchen,parking,133.0,1,108,4.83,4.78,Exempt,t,186,108.0
618184915139767958,city scrape,Bushwick,Brooklyn,Entire condo,Entire home/apt,2,1.0,1 bath,1.0,1.0,"[""Smoke alarm"", ""Coffee maker: drip coffee maker"", ""Bed linens"", ""Oven"", ""Cleaning products"", ""Dedicated workspace"", ""Microwave"", ""Conditioner"", ""Dishes and silverware"", ""Stove"", ""Shampoo"", ""Free street parking"", ""Lockbox"", ""Body soap"", ""Hair dryer"", ""Self check-in"", ""Freezer"", ""Blender"", ""Bidet"", ""Iron"", ""Essentials"", ""Room-darkening shades"", ""Laundromat nearby"", ""Shower gel"", ""Kitchen"", ""Wifi"", ""Clothing storage: closet and dresser"", ""Refrigerator"", ""Heating - split type ductless system"", ""Cooking basics"", ""Hot water"", ""Carbon monoxide alarm"", ""AC - split type ductless system"", ""TV"", ""First aid kit"", ""Hangers"", ""Dining table"", ""Books and reading material"", ""Hot water kettle"", ""Dishwasher""]",wifi,Kitchen,parking,265.0,3,35,4.97,4.83,OSE-STRREG-0001462,f,178,32.0
6704737,city scrape,Harlem,Manhattan,Entire rental unit,Entire home/apt,4,1.0,1 bath,0.0,2.0,"[""Smoke alarm"", ""Heating"", ""Bed linens"", ""Garden view"", ""Microwave"", ""Dishes and silverware"", ""Free street parking"", ""Hair dryer"", ""Self check-in"", ""Fire extinguisher"", ""Freezer"", ""Toaster"", ""Smart lock"", ""Iron"", ""Essentials"", ""30 inch TV"", ""Laundromat nearby"", ""Kitchen"", ""Wifi"", ""Coffee maker"", ""Refrigerator"", ""Cooking basics"", ""Hot water"", ""KitchenAid electric stove"", ""Carbon monoxide alarm"", ""Free parking on premises"", ""Outdoor dining area"", ""Outdoor furniture"", ""Exterior security cameras on property"", ""Hangers"", ""First aid kit"", ""Dining table"", ""Private backyard \u2013 Fully fenced"", ""Window AC unit"", ""Private patio or balcony""]",wifi,Kitchen,parking,149.0,4,47,4.68,4.45,Exempt,f,176,46.0
35829570,city scrape,Bedford-Stuyvesant,Brooklyn,Entire condo,Entire home/apt,2,1.0,1 bath,1.0,1.0,"[""Smoke alarm"", ""Babysitter recommendations"", ""GE stainless steel gas stove"", ""Heating"", ""Bed linens"", ""Oven"", ""Dedicated workspace"", ""Microwave"", ""Conditioner"", ""Dishes and silverware"", ""Free street parking"", ""Shampoo"", ""Lockbox"", ""Pack \u2019n play/Travel crib"", ""Hair dryer"", ""Self check-in"", ""Crib"", ""Fire extinguisher"", ""Freezer"", ""55 inch HDTV with Netflix, HBO Max, Amazon Prime Video, premium cable, standard cable"", ""Window guards"", ""Outlet covers"", ""Bathtub"", ""Iron"", ""Extra pillows and blankets"", ""Essentials"", ""Room-darkening shades"", ""Laundromat nearby"", ""Ceiling fan"", ""Kitchen"", ""High chair"", ""Wifi"", ""Ethernet connection"", ""Coffee maker"", ""Refrigerator"", ""Cooking basics"", ""Hot water"", ""Courtyard view"", ""Carbon monoxide alarm"", ""Free parking on premises"", ""Baby bath"", ""Pets allowed"", ""Exterior security cameras on property"", ""Hangers"", ""First aid kit"", ""Window AC unit"", ""Long term stays allowed""]",wifi,Kitchen,parking,234.0,2,155,4.86,4.83,OSE-STRREG-0001843,t,174,55.0
22785118,city scrape,Bedford-Stuyvesant,Brooklyn,Entire rental unit,Entire home/apt,2,1.0,1 bath,1.0,2.0,"[""TV with Fire TV"", ""Smoke alarm"", ""Heating"", ""Bed linens"", ""Oven"", ""Cleaning products"", ""Dedicated workspace"", ""Microwave"", ""Conditioner"", ""Dishes and silverware"", ""Free street parking"", ""Shampoo"", ""Clothing storage"", ""Hair dryer"", ""Fire extinguisher"", ""Single level home"", ""Toaster"", ""Bathtub"", ""Host greets you"", ""Iron"", ""Extra pillows and blankets"", ""Essentials"", ""Coffee maker: french press"", ""Shower gel"", ""Kitchen"", ""Wifi"", ""Refrigerator"", ""Cooking basics"", ""Hot water"", ""Cleaning available during stay"", ""Carbon monoxide alarm"", ""Outdoor dining area"", ""Outdoor furniture"", ""Portable fans"", ""Portable air conditioning"", ""Private entrance"", ""Exterior security cameras on property"", ""Hangers"", ""First aid kit"", ""Dining table"", ""Books and reading material"", ""Private backyard \u2013 Fully fenced"", ""Private patio or balcony"", ""Hot water kettle"", ""Gas stove"", ""Dishwasher""]",wifi,Kitchen,parking,174.0,7,183,4.93,4.84,Exempt,f,171,59.0
50230523,city scrape,Harlem,Manhattan,Entire rental unit,Entire home/apt,4,1.0,1 bath,0.0,2.0,"[""Smoke alarm"", ""Heating"", ""Oven"", ""Microwave"", ""Dishes and silverware"", ""Electric stove"", ""Hair dryer"", ""Self check-in"", ""Fire extinguisher"", ""HDTV with standard cable"", ""Smart lock"", ""Iron"", ""Essentials"", ""Kitchen"", ""Wifi"", ""Coffee maker"", ""Refrigerator"", ""Cooking basics"", ""Hot water"", ""Carbon monoxide alarm"", ""Free parking on premises"", ""Private entrance"", ""Exterior security cameras on property"", ""Hangers"", ""First aid kit"", ""Window AC unit""]",wifi,Kitchen,parking,149.0,4,57,4.53,4.56,Exempt,f,169,38.0
985688634102569248,city scrape,Bedford-Stuyvesant,Brooklyn,Entire rental unit,Entire home/apt,2,1.0,1 bath,1.0,1.0,"[""Smoke alarm"", ""Heating"", ""Dedicated workspace"", ""Dishes and silverware"", ""Lockbox"", ""Shampoo"", ""Hair dryer"", ""Self check-in"", ""Iron"", ""Essentials"", ""Fast wifi \u2013 293 Mbps"", ""Kitchen"", ""Coffee maker"", ""Board games"", ""Luggage dropoff allowed"", ""Refrigerator"", ""Hot water"", ""Carbon monoxide alarm"", ""Free parking on premises"", ""TV"", ""Air conditioning"", ""Hangers"", ""Long term stays allowed""]",wifi,Kitchen,parking,151.0,2,14,4.86,4.86,OSE-STRREG-0001832,f,169,14.0
1110847898990560606,city scrape,Harlem,Manhattan,Entire rental unit,Entire home/apt,4,1.0,1 bath,1.0,3.0,"[""Smoke alarm"", ""Free dryer \u2013 In unit"", ""Central air conditioning"", ""Bed linens"", ""Oven"", ""Cleaning products"", ""Microwave"", ""Shared BBQ grill: gas"", ""Pack \u2019n play/Travel crib - always at the listing"", ""Conditioner"", ""Dishes and silverware"", ""Free street parking"", ""Shampoo"", ""Body soap"", ""Clothing storage"", ""Wolf stainless steel gas stove"", ""Hair dryer"", ""Self check-in"", ""Fire extinguisher"", ""Freezer"", ""Folding or convertible high chair - always at the listing"", ""Blender"", ""Single level home"", ""Coffee"", ""Toaster"", ""Bathtub"", ""Children\u2019s dinnerware"", ""Smart lock"", ""Iron"", ""Extra pillows and blankets"", ""Essentials"", ""Room-darkening shades"", ""Laundromat nearby"", ""Shower gel"", ""Barbecue utensils"", ""Kitchen"", ""Free washer \u2013 In unit"", ""Wifi"", ""Board games"", ""Luggage dropoff allowed"", ""Refrigerator"", ""City skyline view"", ""Cooking basics"", ""Hot water"", ""Wine glasses"", ""Carbon monoxide alarm"", ""Shared backyard \u2013 Fully fenced"", ""Coffee maker: pour-over coffee"", ""TV"", ""Baking sheet"", ""Outdoor furniture"", ""Private entrance"", ""Exterior security cameras on property"", ""Hangers"", ""Central heating"", ""First aid kit"", ""Dining table"", ""Books and reading material"", ""Children\u2019s books and toys"", ""Hot water kettle"", ""Dishwasher"", ""Long term stays allowed""]",wifi,Kitchen,parking,271.0,1,3,5.0,4.67,Exempt,f,164,3.0
1019716240581980266,city scrape,Harlem,Manhattan,Entire rental unit,Entire home/apt,4,1.0,1 bath,1.0,3.0,"[""Smoke alarm"", ""Bed linens"", ""Garden view"", ""Cleaning products"", ""Dedicated workspace"", ""Microwave"", ""Conditioner"", ""Dishes and silverware"", ""Free street parking"", ""Shampoo"", ""Body soap"", ""Pack \u2019n play/Travel crib - available upon request"", ""Hair dryer"", ""Fire extinguisher"", ""Freezer"", ""Blender"", ""Coffee"", ""Toaster"", ""Bathtub"", ""Iron"", ""Extra pillows and blankets"", ""Essentials"", ""Stainless steel gas stove"", ""Radiant heating"", ""Laundromat nearby"", ""Shower gel"", ""Kitchen"", ""49 inch HDTV with Amazon Prime Video, Apple TV, Chromecast, Disney+, Fire TV, HBO Max, Hulu, Netflix, premium cable, Roku, standard cable"", ""Wifi"", ""Double oven"", ""Luggage dropoff allowed"", ""Clothing storage: closet and dresser"", ""Refrigerator"", ""Cooking basics"", ""Hot water"", ""Wine glasses"", ""Carbon monoxide alarm"", ""Cleaning available during stay"", ""Coffee maker: pour-over coffee"", ""Outdoor dining area"", ""Trash compactor"", ""Outdoor furniture"", ""Pets allowed"", ""Private entrance"", ""First aid kit"", ""Hangers"", ""Dining table"", ""Private backyard \u2013 Fully fenced"", ""Window AC unit"", ""Private patio or balcony"", ""Hot water kettle""]",wifi,Kitchen,parking,257.0,1,12,4.83,4.92,Exempt,t,160,12.0
624564459912553577,city scrape,Bedford-Stuyvesant,Brooklyn,Entire guest suite,Entire home/apt,2,1.0,1 bath,1.0,2.0,"[""Smoke alarm"", ""Bed linens"", ""Garden view"", ""Cleaning products"", ""Portable heater"", ""Dedicated workspace"", ""Microwave"", ""Conditioner"", ""Dishes and silverware"", ""Free street parking"", ""Shampoo"", ""Hair dryer"", ""Self check-in"", ""Fire extinguisher"", ""Freezer"", ""Blender"", ""Coffee"", ""Keypad"", ""Bathtub"", ""Iron"", ""Extra pillows and blankets"", ""Essentials"", ""Room-darkening shades"", ""Coffee maker: french press"", ""Clothing storage: closet"", ""Laundromat nearby"", ""Shower gel"", ""Kitchen"", ""Wifi"", ""Meyers body soap"", ""Luggage dropoff allowed"", ""Refrigerator"", ""Stainless steel oven"", ""Cooking basics"", ""Hot water"", ""Wine glasses"", ""Carbon monoxide alarm"", ""Stainless steel electric stove"", ""Free parking on premises"", ""Baking sheet"", ""Portable fans"", ""Private entrance"", ""First aid kit"", ""Hangers"", ""Central heating"", ""Dining table"", ""Books and reading material"", ""Window AC unit"", ""Hot water kettle"", ""Long term stays allowed""]",wifi,Kitchen,parking,130.0,2,118,4.94,4.83,OSE-STRREG-0000309,f,159,115.0
50992996,city scrape,Williamsburg,Brooklyn,Entire guest suite,Entire home/apt,2,1.0,1 bath,1.0,1.0,"[""Smoke alarm"", ""Babysitter recommendations"", ""Free dryer \u2013 In unit"", ""Coffee maker: drip coffee maker"", ""Bed linens"", ""Oven"", ""Cleaning products"", ""Dedicated workspace"", ""Microwave"", ""Dishes and silverware"", ""Stove"", ""Free street parking"", ""Lockbox"", ""Hair dryer"", ""Self check-in"", ""Fire extinguisher"", ""Freezer"", ""Coffee"", ""Toaster"", ""Iron"", ""Extra pillows and blankets"", ""Essentials"", ""Room-darkening shades"", ""Laundromat nearby"", ""Kitchen"", ""Free washer \u2013 In unit"", ""Clothing storage: closet and dresser"", ""Refrigerator"", ""Cooking basics"", ""Hot water"", ""Wine glasses"", ""Carbon monoxide alarm"", ""Free parking on premises"", ""TV"", ""Baking sheet"", ""Outdoor dining area"", ""Air conditioning"", ""Outdoor furniture"", ""Private entrance"", ""Exterior security cameras on property"", ""Hangers"", ""Central heating"", ""First aid kit"", ""Dining table"", ""Books and reading material"", ""Private backyard \u2013 Fully fenced"", ""Fast wifi \u2013 54 Mbps"", ""Private patio or balcony"", ""Dishwasher""]",wifi,Kitchen,parking,279.0,3,117,4.98,4.96,OSE-STRREG-0000605,f,159,83.0
4978241,city scrape,Harlem,Manhattan,Entire rental unit,Entire home/apt,4,1.0,1 bath,1.0,1.0,"[""Smoke alarm"", ""Heating"", ""Dryer"", ""Bed linens"", ""Oven"", ""Cleaning products"", ""Dedicated workspace"", ""Microwave"", ""Dishes and silverware"", ""Free street parking"", ""Shampoo"", ""Clothing storage: closet and wardrobe"", ""Body soap"", ""Hair dryer"", ""Self check-in"", ""Fire extinguisher"", ""Freezer"", ""Window guards"", ""Coffee"", ""Toaster"", ""Smart lock"", ""Iron"", ""Extra pillows and blankets"", ""Essentials"", ""Room-darkening shades"", ""Shower gel"", ""HDTV with Apple TV, Netflix"", ""Kitchen"", ""Wifi"", ""Coffee maker"", ""Luggage dropoff allowed"", ""Refrigerator"", ""Cooking basics"", ""Hot water"", ""Wine glasses"", ""Carbon monoxide alarm"", ""Free parking on premises"", ""Air conditioning"", ""Mini fridge"", ""Washer"", ""Dining table"", ""Hangers"", ""Hot water kettle"", ""Dishwasher"", ""Long term stays allowed""]",wifi,Kitchen,parking,174.0,3,185,4.88,4.74,Exempt,f,156,71.0
649110754016519016,city scrape,Bedford-Stuyvesant,Brooklyn,Entire rental unit,Entire home/apt,2,1.0,1 bath,1.0,2.0,"[""Smoke alarm"", ""Free dryer \u2013 In unit"", ""Central air conditioning"", ""Bed linens"", ""Fast wifi \u2013 171 Mbps"", ""Paid parking garage off premises"", ""Cleaning products"", ""Dedicated workspace"", ""Microwave"", ""Conditioner"", ""Dishes and silverware"", ""Free street parking"", ""Shampoo"", ""Body soap"", ""HDTV with Amazon Prime Video, Apple TV, HBO Max, Hulu, Netflix"", ""Hair dryer"", ""Self check-in"", ""Fire extinguisher"", ""Freezer"", ""Toaster"", ""Smart lock"", ""Iron"", ""Extra pillows and blankets"", ""Essentials"", ""Room-darkening shades"", ""Shower gel"", ""Kitchen"", ""Free washer \u2013 In unit"", ""Coffee maker"", ""Board games"", ""Luggage dropoff allowed"", ""Clothing storage: closet and dresser"", ""Refrigerator"", ""Stainless steel oven"", ""Cooking basics"", ""Hot water"", ""Wine glasses"", ""Carbon monoxide alarm"", ""Shared backyard \u2013 Fully fenced"", ""Stainless steel electric stove"", ""Free parking on premises"", ""Trash compactor"", ""Pets allowed"", ""Private entrance"", ""Exterior security cameras on property"", ""Hangers"", ""Central heating"", ""First aid kit"", ""Dining table"", ""Hot water kettle"", ""Dishwasher"", ""Long term stays allowed""]",wifi,Kitchen,parking,139.0,2,81,4.64,4.38,OSE-STRREG-0000161,t,152,80.0
11496607,city scrape,Harlem,Manhattan,Entire guest suite,Entire home/apt,2,1.0,1 bath,1.0,1.0,"[""TV with Fire TV"", ""Smoke alarm"", ""Free dryer \u2013 In unit"", ""Heating"", ""Central air conditioning"", ""Oven"", ""Paid parking garage off premises"", ""Dedicated workspace"", ""Microwave"", ""Dishes and silverware"", ""Free street parking"", ""Hair dryer"", ""Self check-in"", ""Fire extinguisher"", ""Freezer"", ""Keypad"", ""Toaster"", ""Iron"", ""Essentials"", ""Room-darkening shades"", ""Laundromat nearby"", ""Ceiling fan"", ""Kitchen"", ""Free washer \u2013 In unit"", ""Wifi"", ""Full size, side by side refrigerator"", ""Board games"", ""Coffee maker"", ""Cooking basics"", ""Hot water"", ""Wine glasses"", ""Carbon monoxide alarm"", ""Bosch stainless steel gas stove"", ""Private entrance"", ""Dining table"", ""Hangers"", ""Hot water kettle"", ""Dishwasher"", ""Long term stays allowed""]",wifi,Kitchen,parking,143.0,3,183,4.75,4.73,OSE-STRREG-0000934,f,151,61.0
2538248,city scrape,Harlem,Manhattan,Entire rental unit,Entire home/apt,4,1.0,1 bath,0.0,2.0,"[""Smoke alarm"", ""Heating"", ""Oven"", ""Dedicated workspace"", ""Microwave"", ""Dishes and silverware"", ""Free street parking"", ""Shampoo"", ""Lockbox"", ""Electric stove"", ""Hair dryer"", ""Self check-in"", ""Fire extinguisher"", ""Iron"", ""Essentials"", ""30 inch HDTV with standard cable"", ""Kitchen"", ""Wifi"", ""Coffee maker"", ""Refrigerator"", ""Cooking basics"", ""Hot water"", ""Carbon monoxide alarm"", ""Free parking on premises"", ""Exterior security cameras on property"", ""Hangers"", ""Window AC unit""]",wifi,Kitchen,parking,149.0,4,183,4.52,4.58,Exempt,t,151,32.0
809503558229015441,city scrape,Bushwick,Brooklyn,Entire rental unit,Entire home/apt,2,1.5,1.5 baths,2.0,2.0,"[""Smoke alarm"", ""Bed linens"", ""Bluetooth sound system"", ""Cleaning products"", ""Dedicated workspace"", ""Conditioner"", ""Dishes and silverware"", ""Free street parking"", ""Shampoo"", ""Lockbox"", ""Body soap"", ""Hair dryer"", ""Self check-in"", ""Freezer"", ""Single oven"", ""Coffee"", ""Bathtub"", ""Iron"", ""Extra pillows and blankets"", ""Essentials"", ""Room-darkening shades"", ""Radiant heating"", ""Clothing storage: closet"", ""Laundromat nearby"", ""Kitchen"", ""Wifi"", ""Ethernet connection"", ""Coffee maker"", ""Luggage dropoff allowed"", ""Refrigerator"", ""Cooking basics"", ""Hot water"", ""Wine glasses"", ""Carbon monoxide alarm"", ""Baking sheet"", ""Dining table"", ""Hangers"", ""Books and reading material"", ""Window AC unit"", ""Hot water kettle"", ""Gas stove"", ""Long term stays allowed""]",wifi,Kitchen,parking,240.0,3,30,4.8,4.47,OSE-STRREG-0001010,f,151,30.0
7871818,city scrape,Bushwick,Brooklyn,Entire guest suite,Entire home/apt,4,1.0,1 bath,0.0,2.0,"[""Smoke alarm"", ""Clothing storage: closet, wardrobe, and dresser"", ""Heating"", ""Bed linens"", ""Oven"", ""Cleaning products"", ""Dedicated workspace"", ""Microwave"", ""Conditioner"", ""Dishes and silverware"", ""Stove"", ""Shampoo"", ""Free street parking"", ""Lockbox"", ""Body soap"", ""Pack \u2019n play/Travel crib - available upon request"", ""Hair dryer"", ""Self check-in"", ""Fire extinguisher"", ""Freezer"", ""Toaster"", ""Iron"", ""Extra pillows and blankets"", ""Essentials"", ""Room-darkening shades"", ""Coffee maker: french press"", ""Shower gel"", ""Kitchen"", ""Yamaha, Cerwin Vega, Sony sound system with Bluetooth and aux"", ""Wifi"", ""Refrigerator"", ""Cooking basics"", ""Hot water"", ""Carbon monoxide alarm"", ""Baking sheet"", ""Air conditioning"", ""Portable fans"", ""Record player"", ""Private entrance"", ""First aid kit"", ""Hangers"", ""Dining table"", ""Hot water kettle"", ""Long term stays allowed""]",wifi,Kitchen,parking,142.0,3,240,4.54,4.64,OSE-STRREG-0000686,f,149,55.0
3851911,city scrape,Bedford-Stuyvesant,Brooklyn,Entire rental unit,Entire home/apt,4,1.0,1 bath,0.0,2.0,"[""Smoke alarm"", ""Fire extinguisher"", ""Heating"", ""Air conditioning"", ""Kitchen"", ""Wifi"", ""Hangers"", ""Luggage dropoff allowed"", ""Iron"", ""Long term stays allowed"", ""Free street parking"", ""Hot water"", ""Essentials"", ""Host greets you"", ""Carbon monoxide alarm"", ""TV with standard cable"", ""Hair dryer"", ""Indoor fireplace""]",wifi,Kitchen,parking,136.0,5,126,4.5,4.63,Exempt,t,143,46.0
50231254,city scrape,Harlem,Manhattan,Entire rental unit,Entire home/apt,3,1.0,1 bath,0.0,2.0,"[""Smoke alarm"", ""Heating"", ""Bed linens"", ""Oven"", ""Paid parking garage off premises"", ""Microwave"", ""Clothing storage: wardrobe"", ""Dishes and silverware"", ""Free street parking"", ""Electric stove"", ""Hair dryer"", ""Self check-in"", ""Fire extinguisher"", ""Freezer"", ""Toaster"", ""Bathtub"", ""Smart lock"", ""Iron"", ""Extra pillows and blankets"", ""Essentials"", ""Laundromat nearby"", ""Ceiling fan"", ""Kitchen"", ""Wifi"", ""Coffee maker"", ""Refrigerator"", ""Cooking basics"", ""Hot water"", ""Carbon monoxide alarm"", ""30 inch HDTV"", ""Private entrance"", ""Exterior security cameras on property"", ""Hangers"", ""First aid kit"", ""Dining table"", ""Window AC unit"", ""Hot water kettle""]",wifi,Kitchen,parking,142.0,4,55,4.67,4.58,Exempt,f,140,34.0
4025329,city scrape,Harlem,Manhattan,Entire rental unit,Entire home/apt,4,1.0,1 bath,0.0,2.0,"[""Smoke alarm"", ""Heating"", ""Microwave"", ""Dishes and silverware"", ""Free street parking"", ""Shampoo"", ""Lockbox"", ""Electric stove"", ""Hair dryer"", ""Self check-in"", ""Fire extinguisher"", ""HDTV with standard cable"", ""Iron"", ""Essentials"", ""Kitchen"", ""Wifi"", ""Coffee maker"", ""Refrigerator"", ""Cooking basics"", ""Hot water"", ""Carbon monoxide alarm"", ""Free parking on premises"", ""First aid kit"", ""Hangers"", ""Window AC unit""]",wifi,Kitchen,parking,149.0,4,166,4.63,4.7,Exempt,f,139,37.0
41504521,city scrape,Bedford-Stuyvesant,Brooklyn,Entire home,Entire home/apt,2,1.0,1 bath,1.0,1.0,"[""Smoke alarm"", ""Free dryer \u2013 In unit"", ""Bed linens"", ""Oven"", ""Cleaning products"", ""Dedicated workspace"", ""Microwave"", ""Dishes and silverware"", ""Free street parking"", ""LG stainless steel gas stove"", ""Hair dryer"", ""Self check-in"", ""Fire extinguisher"", ""Freezer"", ""Coffee maker: drip coffee maker, french press, pour-over coffee"", ""Single level home"", ""Coffee"", ""Keypad"", ""Toaster"", ""Bathtub"", ""Iron"", ""Essentials"", ""Clothing storage: closet"", ""Ceiling fan"", ""Kitchen"", ""Free washer \u2013 In unit"", ""Wifi"", ""Luggage dropoff allowed"", ""Refrigerator"", ""Cooking basics"", ""Hot water"", ""Wine glasses"", ""Carbon monoxide alarm"", ""Free parking on premises"", ""TV"", ""Baking sheet"", ""Air conditioning"", ""Portable fans"", ""Private entrance"", ""First aid kit"", ""Hangers"", ""Central heating"", ""Hot water kettle"", ""Dishwasher"", ""Long term stays allowed""]",wifi,Kitchen,parking,194.0,3,26,4.88,4.81,OSE-STRREG-0000873,f,138,26.0
51955482,city scrape,Harlem,Manhattan,Entire rental unit,Entire home/apt,3,1.0,1 bath,0.0,2.0,"[""Smoke alarm"", ""Heating"", ""Bed linens"", ""Paid parking garage off premises"", ""Microwave"", ""Clothing storage: wardrobe"", ""Dishes and silverware"", ""Free street parking"", ""Electric stove"", ""Hair dryer"", ""Self check-in"", ""Fire extinguisher"", ""Freezer"", ""Toaster"", ""Smart lock"", ""Iron"", ""Essentials"", ""30 inch HDTV with standard cable"", ""Laundromat nearby"", ""Kitchen"", ""Wifi"", ""Coffee maker"", ""Refrigerator"", ""Cooking basics"", ""Hot water"", ""Carbon monoxide alarm"", ""Private entrance"", ""Exterior security cameras on property"", ""Hangers"", ""First aid kit"", ""Dining table"", ""Window AC unit""]",wifi,Kitchen,parking,139.0,4,33,4.64,4.64,Exempt,f,137,32.0
978996864491722615,city scrape,Bushwick,Brooklyn,Entire guesthouse,Entire home/apt,2,1.0,1 bath,2.0,2.0,"[""Smoke alarm"", ""Heating"", ""Dryer"", ""Bed linens"", ""Oven"", ""Cleaning products"", ""Dedicated workspace"", ""Microwave"", ""Conditioner"", ""Dishes and silverware"", ""Stove"", ""Shampoo"", ""Free street parking"", ""Clothing storage"", ""Body soap"", ""Hair dryer"", ""Self check-in"", ""Fire extinguisher"", ""Freezer"", ""Window guards"", ""Keypad"", ""Iron"", ""Extra pillows and blankets"", ""Essentials"", ""Room-darkening shades"", ""Shower gel"", ""Kitchen"", ""Wifi"", ""Coffee maker"", ""Luggage dropoff allowed"", ""Refrigerator"", ""Cooking basics"", ""Hot water"", ""Wine glasses"", ""Carbon monoxide alarm"", ""TV with standard cable"", ""Air conditioning"", ""Pets allowed"", ""Washer"", ""Exterior security cameras on property"", ""Hangers"", ""First aid kit"", ""Dining table"", ""Hot water kettle"", ""Dishwasher""]",wifi,Kitchen,parking,264.0,2,20,5.0,4.61,OSE-STRREG-0001052,f,132,20.0
37323360,city scrape,Bedford-Stuyvesant,Brooklyn,Entire rental unit,Entire home/apt,2,2.0,2 baths,2.0,3.0,"[""Smoke alarm"", ""Heating"", ""Bed linens"", ""Oven"", ""Dedicated workspace"", ""Microwave"", ""Dishes and silverware"", ""Stove"", ""Free street parking"", ""Shampoo"", ""Hair dryer"", ""Self check-in"", ""Coffee"", ""Keypad"", ""Toaster"", ""Safe"", ""Iron"", ""Extra pillows and blankets"", ""Essentials"", ""Kitchen"", ""Wifi"", ""Coffee maker"", ""Clothing storage: closet and dresser"", ""Refrigerator"", ""Cooking basics"", ""Hot water"", ""Wine glasses"", ""Carbon monoxide alarm"", ""Mosquito net"", ""Free parking on premises"", ""TV"", ""Air conditioning"", ""Outdoor furniture"", ""Private entrance"", ""Dining table"", ""Hangers"", ""Books and reading material"", ""Private backyard \u2013 Fully fenced"", ""Private patio or balcony"", ""BBQ grill"", ""Hot water kettle"", ""Dishwasher""]",wifi,Kitchen,parking,226.0,2,156,4.71,4.44,OSE-STRREG-0001514,f,129,87.0
6505927,city scrape,Bedford-Stuyvesant,Brooklyn,Entire home,Entire home/apt,2,1.0,1 bath,2.0,2.0,"[""Smoke alarm"", ""Heating"", ""Bed linens"", ""Oven"", ""Microwave"", ""Dishes and silverware"", ""Stove"", ""Free street parking"", ""Shampoo"", ""Lockbox"", ""Hair dryer"", ""Self check-in"", ""Fire extinguisher"", ""Iron"", ""Essentials"", ""Kitchen"", ""Wifi"", ""Coffee maker"", ""Refrigerator"", ""Cooking basics"", ""Hot water"", ""Carbon monoxide alarm"", ""Air conditioning"", ""First aid kit"", ""Hangers""]",wifi,Kitchen,parking,174.0,3,88,4.72,4.44,OSE-STRREG-0000461,f,129,24.0
961527622157301522,city scrape,Bushwick,Brooklyn,Entire guesthouse,Entire home/apt,2,1.0,1 bath,2.0,2.0,"[""Smoke alarm"", ""Heating"", ""Dryer"", ""Bed linens"", ""Oven"", ""Cleaning products"", ""Dedicated workspace"", ""Microwave"", ""Conditioner"", ""Dishes and silverware"", ""Stove"", ""Shampoo"", ""Free street parking"", ""Clothing storage"", ""Body soap"", ""Hair dryer"", ""Self check-in"", ""Fire extinguisher"", ""Freezer"", ""Keypad"", ""Toaster"", ""Bathtub"", ""Iron"", ""Essentials"", ""Room-darkening shades"", ""Barbecue utensils"", ""Kitchen"", ""Wifi"", ""Luggage dropoff allowed"", ""Refrigerator"", ""Cooking basics"", ""Hot water"", ""Wine glasses"", ""Carbon monoxide alarm"", ""TV with standard cable"", ""Coffee maker: pour-over coffee"", ""Baking sheet"", ""Air conditioning"", ""Washer"", ""Exterior security cameras on property"", ""Hangers"", ""First aid kit"", ""Hot water kettle"", ""Dishwasher""]",wifi,Kitchen,parking,274.0,2,17,4.94,4.53,OSE-STRREG-0000585,f,129,17.0
968090367625068114,city scrape,Bedford-Stuyvesant,Brooklyn,Entire rental unit,Entire home/apt,3,1.0,1 bath,1.0,1.0,"[""Smoke alarm"", ""Free dryer \u2013 In unit"", ""Bed linens"", ""Oven"", ""Cleaning products"", ""Microwave"", ""Dishes and silverware"", ""Stove"", ""Free street parking"", ""Self check-in"", ""Freezer"", ""Toaster"", ""Bathtub"", ""Smart lock"", ""Iron"", ""Extra pillows and blankets"", ""Essentials"", ""Room-darkening shades"", ""Clothing storage: closet"", ""Shower gel"", ""Kitchen"", ""Wifi"", ""Coffee maker"", ""Luggage dropoff allowed"", ""Refrigerator"", ""Cooking basics"", ""Hot water"", ""Carbon monoxide alarm"", ""Dove body soap"", ""TV"", ""Trash compactor"", ""Air conditioning"", ""Outdoor furniture"", ""Pets allowed"", ""Washer"", ""Exterior security cameras on property"", ""Hangers"", ""Central heating"", ""Private patio or balcony"", ""Long term stays allowed""]",wifi,Kitchen,parking,211.0,2,15,5.0,4.93,OSE-STRREG-0001632,f,128,15.0
753687,city scrape,Bedford-Stuyvesant,Brooklyn,Entire home,Entire home/apt,2,1.0,1 bath,1.0,1.0,"[""Smoke alarm"", ""Heating"", ""Oven"", ""Dishes and silverware"", ""Free street parking"", ""Pack \u2019n play/Travel crib"", ""Fire extinguisher"", ""HDTV with standard cable"", ""Single level home"", ""Iron"", ""Essentials"", ""Indoor fireplace"", ""Kitchen"", ""Wifi"", ""Coffee maker"", ""Luggage dropoff allowed"", ""Refrigerator"", ""Hot water"", ""Carbon monoxide alarm"", ""Hangers"", ""Children\u2019s books and toys"", ""Window AC unit""]",wifi,Kitchen,parking,150.0,3,185,4.49,4.38,OSE-STRREG-0000634,f,120,52.0
37082885,city scrape,Bedford-Stuyvesant,Brooklyn,Entire guest suite,Entire home/apt,2,2.0,2 baths,2.0,3.0,"[""Exercise equipment: yoga mat"", ""Smoke alarm"", ""Babysitter recommendations"", ""Bed linens"", ""Clothing storage: walk-in closet"", ""Big  refrigerator"", ""Garden view"", ""Cleaning products"", ""Two burners induction  stove"", ""Dedicated workspace"", ""Microwave"", ""Paid parking garage on premises"", ""Conditioner"", ""Dishes and silverware"", ""Free street parking"", ""Shampoo"", ""Microwave oven  stainless steel single oven"", ""45 inch HDTV"", ""Body soap"", ""Hair dryer"", ""Fire extinguisher"", ""Freezer"", ""Wifi \u2013 25 Mbps"", ""Single level home"", ""Coffee"", ""Outlet covers"", ""Toaster"", ""Bathtub"", ""Safe"", ""Iron"", ""Extra pillows and blankets"", ""Essentials"", ""Room-darkening shades"", ""Laundromat nearby"", ""Shower gel"", ""Kitchen"", ""Coffee maker"", ""Crib - always at the listing"", ""Board games"", ""Luggage dropoff allowed"", ""Changing table - available upon request"", ""Cooking basics"", ""Hot water"", ""Wine glasses"", ""Carbon monoxide alarm"", ""Free parking on premises"", ""Outdoor dining area"", ""Drying rack for clothing"", ""Baking sheet"", ""Outdoor furniture"", ""Portable fans"", ""Mini fridge"", ""Portable air conditioning"", ""Private entrance"", ""First aid kit"", ""Hangers"", ""Central heating"", ""Dining table"", ""Books and reading material"", ""Children\u2019s books and toys"", ""Private backyard \u2013 Fully fenced"", ""Private patio or balcony"", ""Hot water kettle"", ""Sun loungers"", ""Standalone high chair"", ""Long term stays allowed""]",wifi,Kitchen,parking,227.0,2,174,4.94,4.86,OSE-STRREG-0000010,t,118,144.0
918130735715171123,city scrape,Bedford-Stuyvesant,Brooklyn,Entire guest suite,Entire home/apt,2,1.0,1 bath,2.0,2.0,"[""Smoke alarm"", ""Free dryer \u2013 In unit"", ""Heating"", ""Bed linens"", ""Dedicated workspace"", ""Microwave"", ""Dishes and silverware"", ""Free street parking"", ""Clothing storage"", ""Hair dryer"", ""Fire extinguisher"", ""Freezer"", ""Blender"", ""Single oven"", ""Children\u2019s books and toys for ages 0-2 years old, 2-5 years old, and 5-10 years old"", ""Coffee"", ""Housekeeping - available at extra cost"", ""Toaster"", ""Children\u2019s dinnerware"", ""Iron"", ""Extra pillows and blankets"", ""Room-darkening shades"", ""Kitchen"", ""Wifi"", ""Board games"", ""Refrigerator"", ""Cooking basics"", ""Hot water"", ""Wine glasses"", ""Carbon monoxide alarm"", ""Coffee maker: drip coffee maker, pour-over coffee"", ""TV"", ""Baking sheet"", ""Air conditioning"", ""Record player"", ""Private entrance"", ""Washer"", ""First aid kit"", ""Hangers"", ""Dining table"", ""Books and reading material"", ""Smoking allowed"", ""Hot water kettle"", ""Gas stove"", ""Dishwasher""]",wifi,Kitchen,parking,266.0,3,11,5.0,4.82,OSE-STRREG-0001968,f,109,11.0
